-- phpMyAdmin SQL Dump
-- version 5.2.1
-- https://www.phpmyadmin.net/
--
-- Host: database
-- Generation Time: Aug 01, 2024 at 07:39 AM
-- Server version: 11.4.2-MariaDB-ubu2404
-- PHP Version: 8.2.21

SET SQL_MODE = "NO_AUTO_VALUE_ON_ZERO";
START TRANSACTION;
SET time_zone = "+00:00";


/*!40101 SET @OLD_CHARACTER_SET_CLIENT=@@CHARACTER_SET_CLIENT */;
/*!40101 SET @OLD_CHARACTER_SET_RESULTS=@@CHARACTER_SET_RESULTS */;
/*!40101 SET @OLD_COLLATION_CONNECTION=@@COLLATION_CONNECTION */;
/*!40101 SET NAMES utf8mb4 */;

--
-- Database: `directory`
--

-- --------------------------------------------------------

--
-- Table structure for table `branch`
--

CREATE TABLE `branch` (
  `id` int(11) NOT NULL,
  `uuid` binary(20) NOT NULL,
  `name` varchar(100) NOT NULL,
  `status` int(1) NOT NULL DEFAULT 1,
  `updated` datetime DEFAULT NULL,
  `created` datetime NOT NULL DEFAULT current_timestamp()
) ENGINE=InnoDB DEFAULT CHARSET=utf8mb4 COLLATE=utf8mb4_general_ci;

--
-- Dumping data for table `branch`
--

INSERT INTO `branch` (`id`, `uuid`, `name`, `status`, `updated`, `created`) VALUES
(1, 0x35616333303836632d346265662d313165662d38, 'หน่วยธุรการ', 1, NULL, '2024-07-27 15:08:06'),
(2, 0x35616333386237372d346265662d313165662d38, 'หน่วยตรวจสอบภายในสายสาขา 1', 1, NULL, '2024-07-27 15:08:06'),
(3, 0x35616334333063662d346265662d313165662d38, 'หน่วยตรวจสอบภายในสายสาขา 2', 1, NULL, '2024-07-27 15:08:06'),
(4, 0x35616334393536372d346265662d313165662d38, 'หน่วยตรวจสอบภายในสายสาขา 3', 1, NULL, '2024-07-27 15:08:06'),
(5, 0x35616334656235352d346265662d313165662d38, 'หน่วยตรวจสอบภายในสายสาขา 4', 1, NULL, '2024-07-27 15:08:06'),
(6, 0x35616361383763652d346265662d313165662d38, 'หน่วยตรวจสอบภายในสายสาขา 7', 1, NULL, '2024-07-27 15:08:06'),
(7, 0x35616361653661352d346265662d313165662d38, 'หน่วยตรวจสอบภายในสายสาขา 5', 1, NULL, '2024-07-27 15:08:06'),
(8, 0x35616362366339652d346265662d313165662d38, 'หน่วยตรวจสอบภายในสายสาขา 6', 1, NULL, '2024-07-27 15:08:06'),
(9, 0x35616431383734652d346265662d313165662d38, 'หน่วยตรวจสอบภายในสายสาขา 11', 1, NULL, '2024-07-27 15:08:06'),
(10, 0x35616431653566322d346265662d313165662d38, 'หน่วยตรวจสอบภายในสายสาขา 12', 1, NULL, '2024-07-27 15:08:06'),
(11, 0x35616432343564632d346265662d313165662d38, 'หน่วยตรวจสอบภายในสายสาขา 10', 1, NULL, '2024-07-27 15:08:06'),
(12, 0x35616439386164352d346265662d313165662d38, 'หน่วยตรวจสอบภายในสายสาขา 13', 1, NULL, '2024-07-27 15:08:06'),
(13, 0x35616439653166382d346265662d313165662d38, 'หน่วยตรวจสอบภายในสายสาขา 16', 1, NULL, '2024-07-27 15:08:06'),
(14, 0x35616461353232372d346265662d313165662d38, 'หน่วยตรวจสอบภายในสายสาขา 14', 1, NULL, '2024-07-27 15:08:06'),
(15, 0x35616530663961372d346265662d313165662d38, 'หน่วยตรวจสอบภายในสายสาขา 17', 1, NULL, '2024-07-27 15:08:06'),
(16, 0x35616531353536662d346265662d313165662d38, 'หน่วยตรวจสอบภายในสายสาขา 20', 1, NULL, '2024-07-27 15:08:06'),
(17, 0x35616531616330352d346265662d313165662d38, 'หน่วยตรวจสอบภายในสายสาขา 18', 1, NULL, '2024-07-27 15:08:06'),
(18, 0x35616532303536342d346265662d313165662d38, 'หน่วยตรวจสอบภายในสายสาขา 19', 1, NULL, '2024-07-27 15:08:06'),
(19, 0x35616538366433342d346265662d313165662d38, 'หน่วยตรวจสอบภายในสายสาขา 21', 1, NULL, '2024-07-27 15:08:06'),
(20, 0x35616538633264612d346265662d313165662d38, 'หน่วยตรวจสอบภายในสายสาขา 22', 1, NULL, '2024-07-27 15:08:06'),
(21, 0x35616539313965652d346265662d313165662d38, 'หน่วยตรวจสอบภายในสายสาขา 24', 1, NULL, '2024-07-27 15:08:06'),
(22, 0x35616539373038302d346265662d313165662d38, 'หน่วยตรวจสอบภายในสายสาขา 23', 1, NULL, '2024-07-27 15:08:06'),
(23, 0x35616563633635332d346265662d313165662d38, 'หน่วยตรวจสอบภายในสายสาขา 9', 1, NULL, '2024-07-27 15:08:06'),
(24, 0x35616564323366312d346265662d313165662d38, 'หน่วยตรวจสอบภายในสายสาขา 8', 1, NULL, '2024-07-27 15:08:06'),
(25, 0x33313334316637662d346662342d313165662d39, 'หน่วยบริหารผลิตภัณฑ์เงินฝากและบริการ 1', 1, NULL, '2024-08-01 10:14:40'),
(26, 0x33313335386233302d346662342d313165662d39, 'หน่วยบริหารผลิตภัณฑ์เงินฝากและบริการ 2', 1, NULL, '2024-08-01 10:14:40');

-- --------------------------------------------------------

--
-- Table structure for table `department`
--

CREATE TABLE `department` (
  `id` int(11) NOT NULL,
  `uuid` binary(20) NOT NULL,
  `name` varchar(100) NOT NULL,
  `status` int(1) NOT NULL DEFAULT 1,
  `updated` datetime DEFAULT NULL,
  `created` datetime NOT NULL DEFAULT current_timestamp()
) ENGINE=InnoDB DEFAULT CHARSET=utf8mb4 COLLATE=utf8mb4_general_ci;

--
-- Dumping data for table `department`
--

INSERT INTO `department` (`id`, `uuid`, `name`, `status`, `updated`, `created`) VALUES
(1, 0x35616263343535362d346265662d313165662d38, 'ฝ่ายตรวจสอบภายในสายสาขา', 1, NULL, '2024-07-27 15:08:06'),
(2, 0x35616438663834352d346265662d313165662d38, 'ส่วนตรวจสอบภายในสายสาขา 4', 1, NULL, '2024-07-27 15:08:06'),
(3, 0x35616538303333382d346265662d313165662d38, 'ส่วนตรวจสอบภายในสายสาขา 6', 1, NULL, '2024-07-27 15:08:06'),
(4, 0x35616566313638332d346265662d313165662d38, 'ฝ่ายตรวจสอบภายในสำนักงานใหญ่', 1, NULL, '2024-07-27 15:08:06'),
(5, 0x35623134373738662d346265662d313165662d38, 'ฝ่ายตรวจสอบพิเศษ', 1, NULL, '2024-07-27 15:08:06'),
(6, 0x33313237343461342d346662342d313165662d39, 'ฝ่ายบริหารผลิตภัณฑ์และการตลาดเงินฝากและบริการ', 1, NULL, '2024-08-01 10:14:40');

-- --------------------------------------------------------

--
-- Table structure for table `directory_primary`
--

CREATE TABLE `directory_primary` (
  `id` int(11) NOT NULL,
  `group_id` int(11) NOT NULL,
  `key` int(11) NOT NULL,
  `subject_code` varchar(200) NOT NULL,
  `status` int(1) NOT NULL DEFAULT 1,
  `updated` datetime DEFAULT NULL,
  `created` datetime NOT NULL DEFAULT current_timestamp()
) ENGINE=InnoDB DEFAULT CHARSET=utf8mb4 COLLATE=utf8mb4_general_ci;

--
-- Dumping data for table `directory_primary`
--

INSERT INTO `directory_primary` (`id`, `group_id`, `key`, `subject_code`, `status`, `updated`, `created`) VALUES
(1, 2, 7, 'T007', 1, NULL, '2024-08-01 13:29:07'),
(2, 2, 8, 'T010', 1, NULL, '2024-08-01 13:29:07'),
(3, 2, 9, 'T015', 1, NULL, '2024-08-01 13:29:07'),
(4, 2, 10, 'T017', 1, NULL, '2024-08-01 13:29:07'),
(5, 2, 11, 'T051', 1, NULL, '2024-08-01 13:29:07'),
(6, 2, 12, 'T054', 1, NULL, '2024-08-01 13:29:07'),
(7, 2, 13, 'T061', 1, NULL, '2024-08-01 13:29:07'),
(8, 2, 14, 'T063', 1, NULL, '2024-08-01 13:29:07'),
(9, 2, 15, 'T069', 1, NULL, '2024-08-01 13:29:07'),
(10, 2, 16, 'B002', 1, NULL, '2024-08-01 13:29:07'),
(11, 2, 17, 'B003', 1, NULL, '2024-08-01 13:29:07'),
(12, 2, 18, 'B004', 1, NULL, '2024-08-01 13:29:07'),
(13, 2, 19, 'B005', 1, NULL, '2024-08-01 13:29:07'),
(14, 2, 20, 'B017', 1, NULL, '2024-08-01 13:29:07'),
(15, 1, 7, 'T004', 1, NULL, '2024-08-01 13:40:21'),
(16, 1, 8, 'T007', 1, NULL, '2024-08-01 13:40:21'),
(17, 1, 9, 'T008', 1, NULL, '2024-08-01 13:40:21'),
(18, 1, 10, 'T017', 1, NULL, '2024-08-01 13:40:21'),
(19, 1, 11, 'T039', 1, NULL, '2024-08-01 13:40:21'),
(20, 1, 12, 'T061', 1, NULL, '2024-08-01 13:40:21'),
(21, 1, 13, 'T068', 1, NULL, '2024-08-01 13:40:21'),
(22, 1, 14, 'T089', 1, NULL, '2024-08-01 13:40:21'),
(23, 1, 15, 'B002', 1, NULL, '2024-08-01 13:40:21'),
(24, 1, 16, 'B003', 1, NULL, '2024-08-01 13:40:21'),
(25, 1, 17, 'B004', 1, NULL, '2024-08-01 13:40:21'),
(26, 1, 18, 'B010', 1, NULL, '2024-08-01 13:40:21'),
(27, 1, 19, 'B011', 1, NULL, '2024-08-01 13:40:21');

-- --------------------------------------------------------

--
-- Table structure for table `directory_request`
--

CREATE TABLE `directory_request` (
  `id` int(11) NOT NULL,
  `uuid` binary(20) NOT NULL,
  `email` varchar(50) NOT NULL,
  `group_id` int(11) NOT NULL,
  `field_id` int(11) NOT NULL,
  `department_id` int(11) NOT NULL,
  `zone_id` int(11) NOT NULL,
  `branch_id` int(11) NOT NULL,
  `position_id` int(11) NOT NULL,
  `status` int(1) NOT NULL DEFAULT 1,
  `updated` datetime DEFAULT NULL,
  `created` datetime NOT NULL DEFAULT current_timestamp()
) ENGINE=InnoDB DEFAULT CHARSET=utf8mb4 COLLATE=utf8mb4_general_ci;

--
-- Dumping data for table `directory_request`
--

INSERT INTO `directory_request` (`id`, `uuid`, `email`, `group_id`, `field_id`, `department_id`, `zone_id`, `branch_id`, `position_id`, `status`, `updated`, `created`) VALUES
(1, 0x31333638306463342d346663632d313165662d39, 'PANKAEWT@GSB.OR.TH', 2, 2, 6, 0, 0, 31, 1, NULL, '2024-08-01 13:29:07'),
(2, 0x31336362333734612d346663632d313165662d39, '', 2, 2, 6, 0, 0, 32, 1, NULL, '2024-08-01 13:29:08'),
(3, 0x31336466626535622d346663632d313165662d39, '', 2, 2, 6, 0, 0, 33, 1, NULL, '2024-08-01 13:29:08'),
(4, 0x31336663323562362d346663632d313165662d39, 'TACHAKORNL@GSB.OR.TH', 2, 2, 6, 7, 25, 34, 1, NULL, '2024-08-01 13:29:08'),
(5, 0x31343161373037652d346663632d313165662d39, 'PHANUMASK@GSB.OR.TH', 2, 2, 6, 7, 26, 34, 1, NULL, '2024-08-01 13:29:09'),
(6, 0x61353163373664312d346663642d313165662d39, 'AMORNPANM@GSB.OR.TH', 1, 1, 1, 0, 0, 1, 1, NULL, '2024-08-01 13:40:21'),
(7, 0x61353634313866332d346663642d313165662d39, 'SOMBOONT1@GSB.OR.TH', 1, 1, 1, 1, 1, 3, 1, NULL, '2024-08-01 13:40:22'),
(8, 0x61353736306634652d346663642d313165662d39, 'ARTHITN1@GSB.OR.TH', 1, 1, 1, 1, 2, 3, 1, NULL, '2024-08-01 13:40:22'),
(9, 0x61353836343834352d346663642d313165662d39, 'PRAMPREEC@GSB.OR.TH', 1, 1, 1, 1, 3, 3, 1, NULL, '2024-08-01 13:40:22'),
(10, 0x61353936343634382d346663642d313165662d39, 'CHATCHAWALT@GSB.OR.TH', 1, 1, 1, 1, 4, 3, 1, NULL, '2024-08-01 13:40:22'),
(11, 0x61356136373236352d346663642d313165662d39, 'WORAPORNJ@GSB.OR.TH', 1, 1, 1, 1, 5, 3, 1, NULL, '2024-08-01 13:40:22');

-- --------------------------------------------------------

--
-- Table structure for table `directory_subject`
--

CREATE TABLE `directory_subject` (
  `id` int(11) NOT NULL,
  `branch_id` int(11) NOT NULL,
  `position_id` int(11) NOT NULL,
  `key` int(11) NOT NULL,
  `subject_code` varchar(10) NOT NULL,
  `status` int(1) NOT NULL DEFAULT 1,
  `updated` datetime DEFAULT NULL,
  `created` datetime NOT NULL DEFAULT current_timestamp()
) ENGINE=InnoDB DEFAULT CHARSET=utf8mb4 COLLATE=utf8mb4_general_ci;

--
-- Dumping data for table `directory_subject`
--

INSERT INTO `directory_subject` (`id`, `branch_id`, `position_id`, `key`, `subject_code`, `status`, `updated`, `created`) VALUES
(1, 0, 31, 7, 'SM6323', 1, NULL, '2024-08-01 13:29:07'),
(2, 0, 31, 8, 'CR6410', 1, NULL, '2024-08-01 13:29:07'),
(3, 0, 31, 9, 'IT6205', 1, NULL, '2024-08-01 13:29:07'),
(4, 0, 31, 10, 'IT6408', 1, NULL, '2024-08-01 13:29:07'),
(5, 0, 31, 11, 'ST6412', 1, NULL, '2024-08-01 13:29:07'),
(6, 0, 31, 12, 'ST6732', 1, NULL, '2024-08-01 13:29:07'),
(7, 0, 31, 13, 'HR6102', 1, NULL, '2024-08-01 13:29:07'),
(8, 0, 31, 16, 'HR6349', 1, NULL, '2024-08-01 13:29:07'),
(9, 0, 31, 18, 'KMHR6605', 1, NULL, '2024-08-01 13:29:07'),
(10, 0, 31, 19, 'HR6517', 1, NULL, '2024-08-01 13:29:07'),
(11, 0, 31, 20, 'HR6340', 1, NULL, '2024-08-01 13:29:07'),
(12, 0, 31, 7, 'CR6338', 1, NULL, '2024-08-01 13:29:07'),
(13, 0, 31, 8, 'CR6558', 1, NULL, '2024-08-01 13:29:07'),
(14, 0, 31, 9, 'HR6352', 1, NULL, '2024-08-01 13:29:07'),
(15, 0, 31, 10, 'IT6506', 1, NULL, '2024-08-01 13:29:07'),
(16, 0, 31, 11, 'ST6415', 1, NULL, '2024-08-01 13:29:07'),
(17, 0, 31, 13, 'HR6393', 1, NULL, '2024-08-01 13:29:07'),
(18, 0, 31, 19, 'HR6643', 1, NULL, '2024-08-01 13:29:07'),
(19, 0, 31, 7, 'SM6421', 1, NULL, '2024-08-01 13:29:07'),
(20, 0, 31, 8, 'KMCR6604', 1, NULL, '2024-08-01 13:29:07'),
(21, 0, 31, 9, 'HR6534', 1, NULL, '2024-08-01 13:29:07'),
(22, 0, 31, 10, 'IT6507', 1, NULL, '2024-08-01 13:29:07'),
(23, 0, 31, 11, 'KMAC6408', 1, NULL, '2024-08-01 13:29:07'),
(24, 0, 31, 13, 'HR6606', 1, NULL, '2024-08-01 13:29:07'),
(25, 0, 31, 19, 'HR6605', 1, NULL, '2024-08-01 13:29:07'),
(26, 0, 31, 7, 'ST6520', 1, NULL, '2024-08-01 13:29:07'),
(27, 0, 31, 8, 'KMCR6614', 1, NULL, '2024-08-01 13:29:07'),
(28, 0, 31, 9, 'HR6535', 1, NULL, '2024-08-01 13:29:07'),
(29, 0, 31, 11, 'KMAC6409', 1, NULL, '2024-08-01 13:29:07'),
(30, 0, 31, 7, 'CR6521', 1, NULL, '2024-08-01 13:29:07'),
(31, 0, 31, 11, 'KMAC6411', 1, NULL, '2024-08-01 13:29:07'),
(32, 0, 31, 7, 'MK6602', 1, NULL, '2024-08-01 13:29:07'),
(33, 0, 31, 11, 'KMAC6412', 1, NULL, '2024-08-01 13:29:07'),
(34, 0, 31, 7, 'KMAC6414', 1, NULL, '2024-08-01 13:29:07'),
(35, 0, 31, 11, 'KMAC6413', 1, NULL, '2024-08-01 13:29:07'),
(36, 0, 31, 7, 'KMBL6404', 1, NULL, '2024-08-01 13:29:07'),
(37, 0, 31, 11, 'KMAC6415', 1, NULL, '2024-08-01 13:29:07'),
(38, 0, 31, 7, 'KMBL6405', 1, NULL, '2024-08-01 13:29:07'),
(39, 0, 31, 11, 'KMAC6417', 1, NULL, '2024-08-01 13:29:07'),
(40, 0, 31, 7, 'SM5822', 1, NULL, '2024-08-01 13:29:07'),
(41, 0, 31, 7, 'CR6329', 1, NULL, '2024-08-01 13:29:07'),
(42, 0, 31, 7, 'AC6339', 1, NULL, '2024-08-01 13:29:07'),
(43, 0, 31, 7, 'CR6522', 1, NULL, '2024-08-01 13:29:07'),
(44, 0, 31, 7, 'CR6523', 1, NULL, '2024-08-01 13:29:07'),
(45, 0, 31, 7, 'AC6601', 1, NULL, '2024-08-01 13:29:07'),
(46, 0, 31, 7, 'MK5401', 1, NULL, '2024-08-01 13:29:07'),
(47, 0, 31, 7, 'MK6332', 1, NULL, '2024-08-01 13:29:07'),
(48, 0, 31, 7, 'MK6333', 1, NULL, '2024-08-01 13:29:07'),
(49, 0, 31, 7, 'SM6210', 1, NULL, '2024-08-01 13:29:07'),
(50, 0, 32, 7, 'SM6323', 1, NULL, '2024-08-01 13:29:07'),
(51, 0, 32, 8, 'CR6410', 1, NULL, '2024-08-01 13:29:08'),
(52, 0, 32, 9, 'IT6205', 1, NULL, '2024-08-01 13:29:08'),
(53, 0, 32, 10, 'IT6408', 1, NULL, '2024-08-01 13:29:08'),
(54, 0, 32, 11, 'ST6412', 1, NULL, '2024-08-01 13:29:08'),
(55, 0, 32, 12, 'ST6732', 1, NULL, '2024-08-01 13:29:08'),
(56, 0, 32, 13, 'HR6102', 1, NULL, '2024-08-01 13:29:08'),
(57, 0, 32, 16, 'HR6348', 1, NULL, '2024-08-01 13:29:08'),
(58, 0, 32, 18, 'KMHR6605', 1, NULL, '2024-08-01 13:29:08'),
(59, 0, 32, 19, 'HR6517', 1, NULL, '2024-08-01 13:29:08'),
(60, 0, 32, 20, 'HR6340', 1, NULL, '2024-08-01 13:29:08'),
(61, 0, 32, 7, 'CR6338', 1, NULL, '2024-08-01 13:29:08'),
(62, 0, 32, 8, 'CR6558', 1, NULL, '2024-08-01 13:29:08'),
(63, 0, 32, 9, 'HR6351', 1, NULL, '2024-08-01 13:29:08'),
(64, 0, 32, 10, 'IT6506', 1, NULL, '2024-08-01 13:29:08'),
(65, 0, 32, 11, 'ST6415', 1, NULL, '2024-08-01 13:29:08'),
(66, 0, 32, 13, 'HR6393', 1, NULL, '2024-08-01 13:29:08'),
(67, 0, 32, 19, 'HR6643', 1, NULL, '2024-08-01 13:29:08'),
(68, 0, 32, 7, 'SM6421', 1, NULL, '2024-08-01 13:29:08'),
(69, 0, 32, 8, 'KMCR6604', 1, NULL, '2024-08-01 13:29:08'),
(70, 0, 32, 9, 'HR6534', 1, NULL, '2024-08-01 13:29:08'),
(71, 0, 32, 10, 'IT6507', 1, NULL, '2024-08-01 13:29:08'),
(72, 0, 32, 11, 'KMAC6408', 1, NULL, '2024-08-01 13:29:08'),
(73, 0, 32, 13, 'HR6606', 1, NULL, '2024-08-01 13:29:08'),
(74, 0, 32, 19, 'HR6605', 1, NULL, '2024-08-01 13:29:08'),
(75, 0, 32, 7, 'ST6520', 1, NULL, '2024-08-01 13:29:08'),
(76, 0, 32, 8, 'KMCR6614', 1, NULL, '2024-08-01 13:29:08'),
(77, 0, 32, 9, 'HR6535', 1, NULL, '2024-08-01 13:29:08'),
(78, 0, 32, 11, 'KMAC6409', 1, NULL, '2024-08-01 13:29:08'),
(79, 0, 32, 7, 'CR6521', 1, NULL, '2024-08-01 13:29:08'),
(80, 0, 32, 11, 'KMAC6411', 1, NULL, '2024-08-01 13:29:08'),
(81, 0, 32, 7, 'MK6602', 1, NULL, '2024-08-01 13:29:08'),
(82, 0, 32, 11, 'KMAC6412', 1, NULL, '2024-08-01 13:29:08'),
(83, 0, 32, 7, 'KMAC6414', 1, NULL, '2024-08-01 13:29:08'),
(84, 0, 32, 11, 'KMAC6413', 1, NULL, '2024-08-01 13:29:08'),
(85, 0, 32, 7, 'KMBL6404', 1, NULL, '2024-08-01 13:29:08'),
(86, 0, 32, 11, 'KMAC6415', 1, NULL, '2024-08-01 13:29:08'),
(87, 0, 32, 7, 'KMBL6405', 1, NULL, '2024-08-01 13:29:08'),
(88, 0, 32, 11, 'KMAC6417', 1, NULL, '2024-08-01 13:29:08'),
(89, 0, 32, 7, 'SM5822', 1, NULL, '2024-08-01 13:29:08'),
(90, 0, 32, 7, 'CR6329', 1, NULL, '2024-08-01 13:29:08'),
(91, 0, 32, 7, 'AC6339', 1, NULL, '2024-08-01 13:29:08'),
(92, 0, 32, 7, 'CR6522', 1, NULL, '2024-08-01 13:29:08'),
(93, 0, 32, 7, 'CR6523', 1, NULL, '2024-08-01 13:29:08'),
(94, 0, 32, 7, 'AC6601', 1, NULL, '2024-08-01 13:29:08'),
(95, 0, 32, 7, 'MK5401', 1, NULL, '2024-08-01 13:29:08'),
(96, 0, 32, 7, 'MK6332', 1, NULL, '2024-08-01 13:29:08'),
(97, 0, 32, 7, 'MK6333', 1, NULL, '2024-08-01 13:29:08'),
(98, 0, 32, 7, 'SM6210', 1, NULL, '2024-08-01 13:29:08'),
(99, 0, 33, 7, 'SM6323', 1, NULL, '2024-08-01 13:29:08'),
(100, 0, 33, 8, 'CR6410', 1, NULL, '2024-08-01 13:29:08'),
(101, 0, 33, 9, 'IT6205', 1, NULL, '2024-08-01 13:29:08'),
(102, 0, 33, 10, 'IT6408', 1, NULL, '2024-08-01 13:29:08'),
(103, 0, 33, 11, 'ST6412', 1, NULL, '2024-08-01 13:29:08'),
(104, 0, 33, 12, 'ST6732', 1, NULL, '2024-08-01 13:29:08'),
(105, 0, 33, 13, 'HR6102', 1, NULL, '2024-08-01 13:29:08'),
(106, 0, 33, 16, 'HR6348', 1, NULL, '2024-08-01 13:29:08'),
(107, 0, 33, 18, 'KMHR6605', 1, NULL, '2024-08-01 13:29:08'),
(108, 0, 33, 19, 'HR6517', 1, NULL, '2024-08-01 13:29:08'),
(109, 0, 33, 20, 'HR6340', 1, NULL, '2024-08-01 13:29:08'),
(110, 0, 33, 7, 'CR6338', 1, NULL, '2024-08-01 13:29:08'),
(111, 0, 33, 8, 'CR6558', 1, NULL, '2024-08-01 13:29:08'),
(112, 0, 33, 9, 'HR6351', 1, NULL, '2024-08-01 13:29:08'),
(113, 0, 33, 10, 'IT6506', 1, NULL, '2024-08-01 13:29:08'),
(114, 0, 33, 11, 'ST6415', 1, NULL, '2024-08-01 13:29:08'),
(115, 0, 33, 13, 'HR6393', 1, NULL, '2024-08-01 13:29:08'),
(116, 0, 33, 19, 'HR6643', 1, NULL, '2024-08-01 13:29:08'),
(117, 0, 33, 7, 'SM6421', 1, NULL, '2024-08-01 13:29:08'),
(118, 0, 33, 8, 'KMCR6604', 1, NULL, '2024-08-01 13:29:08'),
(119, 0, 33, 9, 'HR6534', 1, NULL, '2024-08-01 13:29:08'),
(120, 0, 33, 10, 'IT6507', 1, NULL, '2024-08-01 13:29:08'),
(121, 0, 33, 11, 'KMAC6408', 1, NULL, '2024-08-01 13:29:08'),
(122, 0, 33, 13, 'HR6606', 1, NULL, '2024-08-01 13:29:08'),
(123, 0, 33, 19, 'HR6605', 1, NULL, '2024-08-01 13:29:08'),
(124, 0, 33, 7, 'ST6520', 1, NULL, '2024-08-01 13:29:08'),
(125, 0, 33, 8, 'KMCR6614', 1, NULL, '2024-08-01 13:29:08'),
(126, 0, 33, 9, 'HR6535', 1, NULL, '2024-08-01 13:29:08'),
(127, 0, 33, 11, 'KMAC6409', 1, NULL, '2024-08-01 13:29:08'),
(128, 0, 33, 7, 'CR6521', 1, NULL, '2024-08-01 13:29:08'),
(129, 0, 33, 11, 'KMAC6411', 1, NULL, '2024-08-01 13:29:08'),
(130, 0, 33, 7, 'MK6602', 1, NULL, '2024-08-01 13:29:08'),
(131, 0, 33, 11, 'KMAC6412', 1, NULL, '2024-08-01 13:29:08'),
(132, 0, 33, 7, 'KMAC6414', 1, NULL, '2024-08-01 13:29:08'),
(133, 0, 33, 11, 'KMAC6413', 1, NULL, '2024-08-01 13:29:08'),
(134, 0, 33, 7, 'KMBL6404', 1, NULL, '2024-08-01 13:29:08'),
(135, 0, 33, 11, 'KMAC6415', 1, NULL, '2024-08-01 13:29:08'),
(136, 0, 33, 7, 'KMBL6405', 1, NULL, '2024-08-01 13:29:08'),
(137, 0, 33, 11, 'KMAC6417', 1, NULL, '2024-08-01 13:29:08'),
(138, 0, 33, 7, 'SM5822', 1, NULL, '2024-08-01 13:29:08'),
(139, 0, 33, 7, 'CR6329', 1, NULL, '2024-08-01 13:29:08'),
(140, 0, 33, 7, 'AC6339', 1, NULL, '2024-08-01 13:29:08'),
(141, 0, 33, 7, 'CR6522', 1, NULL, '2024-08-01 13:29:08'),
(142, 0, 33, 7, 'CR6523', 1, NULL, '2024-08-01 13:29:08'),
(143, 0, 33, 7, 'AC6601', 1, NULL, '2024-08-01 13:29:08'),
(144, 0, 33, 7, 'MK5401', 1, NULL, '2024-08-01 13:29:08'),
(145, 0, 33, 7, 'MK6332', 1, NULL, '2024-08-01 13:29:08'),
(146, 0, 33, 7, 'MK6333', 1, NULL, '2024-08-01 13:29:08'),
(147, 0, 33, 7, 'SM6210', 1, NULL, '2024-08-01 13:29:08'),
(148, 25, 34, 7, 'SM6323', 1, NULL, '2024-08-01 13:29:08'),
(149, 25, 34, 8, 'CR6410', 1, NULL, '2024-08-01 13:29:08'),
(150, 25, 34, 9, 'IT6205', 1, NULL, '2024-08-01 13:29:08'),
(151, 25, 34, 10, 'IT6408', 1, NULL, '2024-08-01 13:29:08'),
(152, 25, 34, 11, 'ST6412', 1, NULL, '2024-08-01 13:29:08'),
(153, 25, 34, 12, 'ST6732', 1, NULL, '2024-08-01 13:29:08'),
(154, 25, 34, 13, 'HR6102', 1, NULL, '2024-08-01 13:29:08'),
(155, 25, 34, 16, 'HR6348', 1, NULL, '2024-08-01 13:29:08'),
(156, 25, 34, 18, 'KMHR6605', 1, NULL, '2024-08-01 13:29:08'),
(157, 25, 34, 19, 'HR6517', 1, NULL, '2024-08-01 13:29:08'),
(158, 25, 34, 20, 'HR6340', 1, NULL, '2024-08-01 13:29:08'),
(159, 25, 34, 7, 'CR6338', 1, NULL, '2024-08-01 13:29:08'),
(160, 25, 34, 8, 'CR6558', 1, NULL, '2024-08-01 13:29:08'),
(161, 25, 34, 9, 'HR6351', 1, NULL, '2024-08-01 13:29:08'),
(162, 25, 34, 10, 'IT6506', 1, NULL, '2024-08-01 13:29:08'),
(163, 25, 34, 11, 'ST6415', 1, NULL, '2024-08-01 13:29:08'),
(164, 25, 34, 13, 'HR6393', 1, NULL, '2024-08-01 13:29:08'),
(165, 25, 34, 19, 'HR6643', 1, NULL, '2024-08-01 13:29:08'),
(166, 25, 34, 7, 'SM6421', 1, NULL, '2024-08-01 13:29:08'),
(167, 25, 34, 8, 'KMCR6604', 1, NULL, '2024-08-01 13:29:08'),
(168, 25, 34, 9, 'HR6534', 1, NULL, '2024-08-01 13:29:08'),
(169, 25, 34, 10, 'IT6507', 1, NULL, '2024-08-01 13:29:08'),
(170, 25, 34, 11, 'KMAC6408', 1, NULL, '2024-08-01 13:29:08'),
(171, 25, 34, 13, 'HR6606', 1, NULL, '2024-08-01 13:29:08'),
(172, 25, 34, 19, 'HR6605', 1, NULL, '2024-08-01 13:29:08'),
(173, 25, 34, 7, 'ST6520', 1, NULL, '2024-08-01 13:29:08'),
(174, 25, 34, 8, 'KMCR6614', 1, NULL, '2024-08-01 13:29:08'),
(175, 25, 34, 9, 'HR6535', 1, NULL, '2024-08-01 13:29:08'),
(176, 25, 34, 11, 'KMAC6409', 1, NULL, '2024-08-01 13:29:08'),
(177, 25, 34, 7, 'CR6521', 1, NULL, '2024-08-01 13:29:08'),
(178, 25, 34, 11, 'KMAC6411', 1, NULL, '2024-08-01 13:29:08'),
(179, 25, 34, 7, 'MK6602', 1, NULL, '2024-08-01 13:29:08'),
(180, 25, 34, 11, 'KMAC6412', 1, NULL, '2024-08-01 13:29:08'),
(181, 25, 34, 7, 'KMAC6414', 1, NULL, '2024-08-01 13:29:08'),
(182, 25, 34, 11, 'KMAC6413', 1, NULL, '2024-08-01 13:29:08'),
(183, 25, 34, 7, 'KMBL6404', 1, NULL, '2024-08-01 13:29:08'),
(184, 25, 34, 11, 'KMAC6415', 1, NULL, '2024-08-01 13:29:08'),
(185, 25, 34, 7, 'KMBL6405', 1, NULL, '2024-08-01 13:29:08'),
(186, 25, 34, 11, 'KMAC6417', 1, NULL, '2024-08-01 13:29:08'),
(187, 25, 34, 7, 'SM5822', 1, NULL, '2024-08-01 13:29:08'),
(188, 25, 34, 7, 'CR6329', 1, NULL, '2024-08-01 13:29:08'),
(189, 25, 34, 7, 'AC6339', 1, NULL, '2024-08-01 13:29:08'),
(190, 25, 34, 7, 'CR6522', 1, NULL, '2024-08-01 13:29:08'),
(191, 25, 34, 7, 'CR6523', 1, NULL, '2024-08-01 13:29:08'),
(192, 25, 34, 7, 'AC6601', 1, NULL, '2024-08-01 13:29:08'),
(193, 25, 34, 7, 'MK5401', 1, NULL, '2024-08-01 13:29:08'),
(194, 25, 34, 7, 'MK6332', 1, NULL, '2024-08-01 13:29:08'),
(195, 25, 34, 7, 'MK6333', 1, NULL, '2024-08-01 13:29:08'),
(196, 25, 34, 7, 'SM6210', 1, NULL, '2024-08-01 13:29:08'),
(197, 26, 34, 7, 'SM6323', 1, NULL, '2024-08-01 13:29:08'),
(198, 26, 34, 8, 'CR6410', 1, NULL, '2024-08-01 13:29:08'),
(199, 26, 34, 9, 'IT6205', 1, NULL, '2024-08-01 13:29:08'),
(200, 26, 34, 10, 'IT6408', 1, NULL, '2024-08-01 13:29:08'),
(201, 26, 34, 11, 'ST6412', 1, NULL, '2024-08-01 13:29:08'),
(202, 26, 34, 12, 'ST6732', 1, NULL, '2024-08-01 13:29:08'),
(203, 26, 34, 13, 'HR6102', 1, NULL, '2024-08-01 13:29:08'),
(204, 26, 34, 16, 'HR6348', 1, NULL, '2024-08-01 13:29:08'),
(205, 26, 34, 18, 'KMHR6605', 1, NULL, '2024-08-01 13:29:08'),
(206, 26, 34, 19, 'HR6517', 1, NULL, '2024-08-01 13:29:08'),
(207, 26, 34, 20, 'HR6340', 1, NULL, '2024-08-01 13:29:08'),
(208, 26, 34, 7, 'CR6338', 1, NULL, '2024-08-01 13:29:08'),
(209, 26, 34, 8, 'CR6558', 1, NULL, '2024-08-01 13:29:08'),
(210, 26, 34, 9, 'HR6351', 1, NULL, '2024-08-01 13:29:08'),
(211, 26, 34, 10, 'IT6506', 1, NULL, '2024-08-01 13:29:08'),
(212, 26, 34, 11, 'ST6415', 1, NULL, '2024-08-01 13:29:08'),
(213, 26, 34, 13, 'HR6393', 1, NULL, '2024-08-01 13:29:08'),
(214, 26, 34, 19, 'HR6643', 1, NULL, '2024-08-01 13:29:08'),
(215, 26, 34, 7, 'SM6421', 1, NULL, '2024-08-01 13:29:08'),
(216, 26, 34, 8, 'KMCR6604', 1, NULL, '2024-08-01 13:29:08'),
(217, 26, 34, 9, 'HR6534', 1, NULL, '2024-08-01 13:29:08'),
(218, 26, 34, 10, 'IT6507', 1, NULL, '2024-08-01 13:29:08'),
(219, 26, 34, 11, 'KMAC6408', 1, NULL, '2024-08-01 13:29:08'),
(220, 26, 34, 13, 'HR6606', 1, NULL, '2024-08-01 13:29:08'),
(221, 26, 34, 19, 'HR6605', 1, NULL, '2024-08-01 13:29:08'),
(222, 26, 34, 7, 'ST6520', 1, NULL, '2024-08-01 13:29:08'),
(223, 26, 34, 8, 'KMCR6614', 1, NULL, '2024-08-01 13:29:08'),
(224, 26, 34, 9, 'HR6535', 1, NULL, '2024-08-01 13:29:08'),
(225, 26, 34, 11, 'KMAC6409', 1, NULL, '2024-08-01 13:29:08'),
(226, 26, 34, 7, 'CR6521', 1, NULL, '2024-08-01 13:29:08'),
(227, 26, 34, 11, 'KMAC6411', 1, NULL, '2024-08-01 13:29:08'),
(228, 26, 34, 7, 'MK6602', 1, NULL, '2024-08-01 13:29:08'),
(229, 26, 34, 11, 'KMAC6412', 1, NULL, '2024-08-01 13:29:08'),
(230, 26, 34, 7, 'KMAC6414', 1, NULL, '2024-08-01 13:29:08'),
(231, 26, 34, 11, 'KMAC6413', 1, NULL, '2024-08-01 13:29:08'),
(232, 26, 34, 7, 'KMBL6404', 1, NULL, '2024-08-01 13:29:08'),
(233, 26, 34, 11, 'KMAC6415', 1, NULL, '2024-08-01 13:29:08'),
(234, 26, 34, 7, 'KMBL6405', 1, NULL, '2024-08-01 13:29:08'),
(235, 26, 34, 11, 'KMAC6417', 1, NULL, '2024-08-01 13:29:08'),
(236, 26, 34, 7, 'SM5822', 1, NULL, '2024-08-01 13:29:08'),
(237, 26, 34, 7, 'CR6329', 1, NULL, '2024-08-01 13:29:08'),
(238, 26, 34, 7, 'AC6339', 1, NULL, '2024-08-01 13:29:08'),
(239, 26, 34, 7, 'CR6522', 1, NULL, '2024-08-01 13:29:08'),
(240, 26, 34, 7, 'CR6523', 1, NULL, '2024-08-01 13:29:08'),
(241, 26, 34, 7, 'AC6601', 1, NULL, '2024-08-01 13:29:08'),
(242, 26, 34, 7, 'MK5401', 1, NULL, '2024-08-01 13:29:08'),
(243, 26, 34, 7, 'MK6332', 1, NULL, '2024-08-01 13:29:08'),
(244, 26, 34, 7, 'MK6333', 1, NULL, '2024-08-01 13:29:08'),
(245, 26, 34, 7, 'SM6210', 1, NULL, '2024-08-01 13:29:08'),
(246, 0, 1, 8, 'SM6323', 1, NULL, '2024-08-01 13:40:21'),
(247, 0, 1, 9, 'HR6109', 1, NULL, '2024-08-01 13:40:21'),
(248, 0, 1, 10, 'IT6408', 1, NULL, '2024-08-01 13:40:21'),
(249, 0, 1, 11, 'HR6381', 1, NULL, '2024-08-01 13:40:21'),
(250, 0, 1, 12, 'HR6102', 1, NULL, '2024-08-01 13:40:21'),
(251, 0, 1, 13, 'KMCR6410', 1, NULL, '2024-08-01 13:40:21'),
(252, 0, 1, 15, 'HR6348', 1, NULL, '2024-08-01 13:40:21'),
(253, 0, 1, 17, 'CR6545', 1, NULL, '2024-08-01 13:40:21'),
(254, 0, 1, 8, 'CR6338', 1, NULL, '2024-08-01 13:40:21'),
(255, 0, 1, 9, 'HR6212', 1, NULL, '2024-08-01 13:40:21'),
(256, 0, 1, 10, 'IT6506', 1, NULL, '2024-08-01 13:40:21'),
(257, 0, 1, 12, 'HR6393', 1, NULL, '2024-08-01 13:40:21'),
(258, 0, 1, 17, 'KMHR6605', 1, NULL, '2024-08-01 13:40:21'),
(259, 0, 1, 8, 'SM6421', 1, NULL, '2024-08-01 13:40:21'),
(260, 0, 1, 9, 'HR6337', 1, NULL, '2024-08-01 13:40:21'),
(261, 0, 1, 10, 'IT6507', 1, NULL, '2024-08-01 13:40:21'),
(262, 0, 1, 12, 'HR6606', 1, NULL, '2024-08-01 13:40:21'),
(263, 0, 1, 8, 'ST6520', 1, NULL, '2024-08-01 13:40:21'),
(264, 0, 1, 9, 'HR6354', 1, NULL, '2024-08-01 13:40:21'),
(265, 0, 1, 8, 'MK6602', 1, NULL, '2024-08-01 13:40:21'),
(266, 0, 1, 9, 'IT6406', 1, NULL, '2024-08-01 13:40:21'),
(267, 0, 1, 8, 'KMAC6414', 1, NULL, '2024-08-01 13:40:21'),
(268, 0, 1, 9, 'IT6407', 1, NULL, '2024-08-01 13:40:21'),
(269, 0, 1, 8, 'KMBL6404', 1, NULL, '2024-08-01 13:40:21'),
(270, 0, 1, 9, 'HR6607', 1, NULL, '2024-08-01 13:40:21'),
(271, 0, 1, 8, 'KMBL6405', 1, NULL, '2024-08-01 13:40:21'),
(272, 0, 1, 9, 'HR6650', 1, NULL, '2024-08-01 13:40:21'),
(273, 0, 1, 9, 'HR6652', 1, NULL, '2024-08-01 13:40:21'),
(274, 0, 1, 9, 'HR6730', 1, NULL, '2024-08-01 13:40:21'),
(275, 1, 3, 8, 'SM6323', 1, NULL, '2024-08-01 13:40:21'),
(276, 1, 3, 9, 'HR6109', 1, NULL, '2024-08-01 13:40:21'),
(277, 1, 3, 10, 'IT6408', 1, NULL, '2024-08-01 13:40:21'),
(278, 1, 3, 11, 'HR6381', 1, NULL, '2024-08-01 13:40:21'),
(279, 1, 3, 12, 'HR6102', 1, NULL, '2024-08-01 13:40:21'),
(280, 1, 3, 13, 'KMCR6410', 1, NULL, '2024-08-01 13:40:21'),
(281, 1, 3, 15, 'HR6348', 1, NULL, '2024-08-01 13:40:21'),
(282, 1, 3, 17, 'CR6545', 1, NULL, '2024-08-01 13:40:21'),
(283, 1, 3, 8, 'CR6338', 1, NULL, '2024-08-01 13:40:21'),
(284, 1, 3, 9, 'HR6212', 1, NULL, '2024-08-01 13:40:21'),
(285, 1, 3, 10, 'IT6506', 1, NULL, '2024-08-01 13:40:21'),
(286, 1, 3, 12, 'HR6393', 1, NULL, '2024-08-01 13:40:21'),
(287, 1, 3, 17, 'KMHR6605', 1, NULL, '2024-08-01 13:40:21'),
(288, 1, 3, 8, 'SM6421', 1, NULL, '2024-08-01 13:40:21'),
(289, 1, 3, 9, 'HR6337', 1, NULL, '2024-08-01 13:40:21'),
(290, 1, 3, 10, 'IT6507', 1, NULL, '2024-08-01 13:40:21'),
(291, 1, 3, 12, 'HR6606', 1, NULL, '2024-08-01 13:40:21'),
(292, 1, 3, 8, 'ST6520', 1, NULL, '2024-08-01 13:40:21'),
(293, 1, 3, 9, 'HR6354', 1, NULL, '2024-08-01 13:40:21'),
(294, 1, 3, 8, 'MK6602', 1, NULL, '2024-08-01 13:40:21'),
(295, 1, 3, 9, 'IT6406', 1, NULL, '2024-08-01 13:40:21'),
(296, 1, 3, 8, 'KMAC6414', 1, NULL, '2024-08-01 13:40:21'),
(297, 1, 3, 9, 'IT6407', 1, NULL, '2024-08-01 13:40:21'),
(298, 1, 3, 8, 'KMBL6404', 1, NULL, '2024-08-01 13:40:21'),
(299, 1, 3, 9, 'HR6607', 1, NULL, '2024-08-01 13:40:21'),
(300, 1, 3, 8, 'KMBL6405', 1, NULL, '2024-08-01 13:40:21'),
(301, 1, 3, 9, 'HR6650', 1, NULL, '2024-08-01 13:40:21'),
(302, 1, 3, 9, 'HR6652', 1, NULL, '2024-08-01 13:40:21'),
(303, 1, 3, 9, 'HR6730', 1, NULL, '2024-08-01 13:40:21'),
(304, 2, 3, 8, 'SM6323', 1, NULL, '2024-08-01 13:40:21'),
(305, 2, 3, 9, 'HR6109', 1, NULL, '2024-08-01 13:40:21'),
(306, 2, 3, 10, 'IT6408', 1, NULL, '2024-08-01 13:40:21'),
(307, 2, 3, 11, 'HR6381', 1, NULL, '2024-08-01 13:40:21'),
(308, 2, 3, 12, 'HR6102', 1, NULL, '2024-08-01 13:40:21'),
(309, 2, 3, 13, 'KMCR6410', 1, NULL, '2024-08-01 13:40:21'),
(310, 2, 3, 15, 'HR6348', 1, NULL, '2024-08-01 13:40:21'),
(311, 2, 3, 17, 'CR6545', 1, NULL, '2024-08-01 13:40:21'),
(312, 2, 3, 8, 'CR6338', 1, NULL, '2024-08-01 13:40:21'),
(313, 2, 3, 9, 'HR6212', 1, NULL, '2024-08-01 13:40:21'),
(314, 2, 3, 10, 'IT6506', 1, NULL, '2024-08-01 13:40:21'),
(315, 2, 3, 12, 'HR6393', 1, NULL, '2024-08-01 13:40:21'),
(316, 2, 3, 17, 'KMHR6605', 1, NULL, '2024-08-01 13:40:21'),
(317, 2, 3, 8, 'SM6421', 1, NULL, '2024-08-01 13:40:21'),
(318, 2, 3, 9, 'HR6337', 1, NULL, '2024-08-01 13:40:21'),
(319, 2, 3, 10, 'IT6507', 1, NULL, '2024-08-01 13:40:21'),
(320, 2, 3, 12, 'HR6606', 1, NULL, '2024-08-01 13:40:21'),
(321, 2, 3, 8, 'ST6520', 1, NULL, '2024-08-01 13:40:21'),
(322, 2, 3, 9, 'HR6354', 1, NULL, '2024-08-01 13:40:21'),
(323, 2, 3, 8, 'MK6602', 1, NULL, '2024-08-01 13:40:21'),
(324, 2, 3, 9, 'IT6406', 1, NULL, '2024-08-01 13:40:21'),
(325, 2, 3, 8, 'KMAC6414', 1, NULL, '2024-08-01 13:40:21'),
(326, 2, 3, 9, 'IT6407', 1, NULL, '2024-08-01 13:40:21'),
(327, 2, 3, 8, 'KMBL6404', 1, NULL, '2024-08-01 13:40:22'),
(328, 2, 3, 9, 'HR6607', 1, NULL, '2024-08-01 13:40:22'),
(329, 2, 3, 8, 'KMBL6405', 1, NULL, '2024-08-01 13:40:22'),
(330, 2, 3, 9, 'HR6650', 1, NULL, '2024-08-01 13:40:22'),
(331, 2, 3, 9, 'HR6652', 1, NULL, '2024-08-01 13:40:22'),
(332, 2, 3, 9, 'HR6730', 1, NULL, '2024-08-01 13:40:22'),
(333, 3, 3, 8, 'SM6323', 1, NULL, '2024-08-01 13:40:22'),
(334, 3, 3, 9, 'HR6109', 1, NULL, '2024-08-01 13:40:22'),
(335, 3, 3, 10, 'IT6408', 1, NULL, '2024-08-01 13:40:22'),
(336, 3, 3, 11, 'HR6381', 1, NULL, '2024-08-01 13:40:22'),
(337, 3, 3, 12, 'HR6102', 1, NULL, '2024-08-01 13:40:22'),
(338, 3, 3, 13, 'KMCR6410', 1, NULL, '2024-08-01 13:40:22'),
(339, 3, 3, 15, 'HR6348', 1, NULL, '2024-08-01 13:40:22'),
(340, 3, 3, 17, 'CR6545', 1, NULL, '2024-08-01 13:40:22'),
(341, 3, 3, 8, 'CR6338', 1, NULL, '2024-08-01 13:40:22'),
(342, 3, 3, 9, 'HR6212', 1, NULL, '2024-08-01 13:40:22'),
(343, 3, 3, 10, 'IT6506', 1, NULL, '2024-08-01 13:40:22'),
(344, 3, 3, 12, 'HR6393', 1, NULL, '2024-08-01 13:40:22'),
(345, 3, 3, 17, 'KMHR6605', 1, NULL, '2024-08-01 13:40:22'),
(346, 3, 3, 8, 'SM6421', 1, NULL, '2024-08-01 13:40:22'),
(347, 3, 3, 9, 'HR6337', 1, NULL, '2024-08-01 13:40:22'),
(348, 3, 3, 10, 'IT6507', 1, NULL, '2024-08-01 13:40:22'),
(349, 3, 3, 12, 'HR6606', 1, NULL, '2024-08-01 13:40:22'),
(350, 3, 3, 8, 'ST6520', 1, NULL, '2024-08-01 13:40:22'),
(351, 3, 3, 9, 'HR6354', 1, NULL, '2024-08-01 13:40:22'),
(352, 3, 3, 8, 'MK6602', 1, NULL, '2024-08-01 13:40:22'),
(353, 3, 3, 9, 'IT6406', 1, NULL, '2024-08-01 13:40:22'),
(354, 3, 3, 8, 'KMAC6414', 1, NULL, '2024-08-01 13:40:22'),
(355, 3, 3, 9, 'IT6407', 1, NULL, '2024-08-01 13:40:22'),
(356, 3, 3, 8, 'KMBL6404', 1, NULL, '2024-08-01 13:40:22'),
(357, 3, 3, 9, 'HR6607', 1, NULL, '2024-08-01 13:40:22'),
(358, 3, 3, 8, 'KMBL6405', 1, NULL, '2024-08-01 13:40:22'),
(359, 3, 3, 9, 'HR6650', 1, NULL, '2024-08-01 13:40:22'),
(360, 3, 3, 9, 'HR6652', 1, NULL, '2024-08-01 13:40:22'),
(361, 3, 3, 9, 'HR6730', 1, NULL, '2024-08-01 13:40:22'),
(362, 4, 3, 8, 'SM6323', 1, NULL, '2024-08-01 13:40:22'),
(363, 4, 3, 9, 'HR6109', 1, NULL, '2024-08-01 13:40:22'),
(364, 4, 3, 10, 'IT6408', 1, NULL, '2024-08-01 13:40:22'),
(365, 4, 3, 11, 'HR6381', 1, NULL, '2024-08-01 13:40:22'),
(366, 4, 3, 12, 'HR6102', 1, NULL, '2024-08-01 13:40:22'),
(367, 4, 3, 13, 'KMCR6410', 1, NULL, '2024-08-01 13:40:22'),
(368, 4, 3, 15, 'HR6348', 1, NULL, '2024-08-01 13:40:22'),
(369, 4, 3, 17, 'CR6545', 1, NULL, '2024-08-01 13:40:22'),
(370, 4, 3, 8, 'CR6338', 1, NULL, '2024-08-01 13:40:22'),
(371, 4, 3, 9, 'HR6212', 1, NULL, '2024-08-01 13:40:22'),
(372, 4, 3, 10, 'IT6506', 1, NULL, '2024-08-01 13:40:22'),
(373, 4, 3, 12, 'HR6393', 1, NULL, '2024-08-01 13:40:22'),
(374, 4, 3, 17, 'KMHR6605', 1, NULL, '2024-08-01 13:40:22'),
(375, 4, 3, 8, 'SM6421', 1, NULL, '2024-08-01 13:40:22'),
(376, 4, 3, 9, 'HR6337', 1, NULL, '2024-08-01 13:40:22'),
(377, 4, 3, 10, 'IT6507', 1, NULL, '2024-08-01 13:40:22'),
(378, 4, 3, 12, 'HR6606', 1, NULL, '2024-08-01 13:40:22'),
(379, 4, 3, 8, 'ST6520', 1, NULL, '2024-08-01 13:40:22'),
(380, 4, 3, 9, 'HR6354', 1, NULL, '2024-08-01 13:40:22'),
(381, 4, 3, 8, 'MK6602', 1, NULL, '2024-08-01 13:40:22'),
(382, 4, 3, 9, 'IT6406', 1, NULL, '2024-08-01 13:40:22'),
(383, 4, 3, 8, 'KMAC6414', 1, NULL, '2024-08-01 13:40:22'),
(384, 4, 3, 9, 'IT6407', 1, NULL, '2024-08-01 13:40:22'),
(385, 4, 3, 8, 'KMBL6404', 1, NULL, '2024-08-01 13:40:22'),
(386, 4, 3, 9, 'HR6607', 1, NULL, '2024-08-01 13:40:22'),
(387, 4, 3, 8, 'KMBL6405', 1, NULL, '2024-08-01 13:40:22'),
(388, 4, 3, 9, 'HR6650', 1, NULL, '2024-08-01 13:40:22'),
(389, 4, 3, 9, 'HR6652', 1, NULL, '2024-08-01 13:40:22'),
(390, 4, 3, 9, 'HR6730', 1, NULL, '2024-08-01 13:40:22'),
(391, 5, 3, 8, 'SM6323', 1, NULL, '2024-08-01 13:40:22'),
(392, 5, 3, 9, 'HR6109', 1, NULL, '2024-08-01 13:40:22'),
(393, 5, 3, 10, 'IT6408', 1, NULL, '2024-08-01 13:40:22'),
(394, 5, 3, 11, 'HR6381', 1, NULL, '2024-08-01 13:40:22'),
(395, 5, 3, 12, 'HR6102', 1, NULL, '2024-08-01 13:40:22'),
(396, 5, 3, 13, 'KMCR6410', 1, NULL, '2024-08-01 13:40:22'),
(397, 5, 3, 15, 'HR6348', 1, NULL, '2024-08-01 13:40:22'),
(398, 5, 3, 17, 'CR6545', 1, NULL, '2024-08-01 13:40:22'),
(399, 5, 3, 8, 'CR6338', 1, NULL, '2024-08-01 13:40:22'),
(400, 5, 3, 9, 'HR6212', 1, NULL, '2024-08-01 13:40:22'),
(401, 5, 3, 10, 'IT6506', 1, NULL, '2024-08-01 13:40:22'),
(402, 5, 3, 12, 'HR6393', 1, NULL, '2024-08-01 13:40:22'),
(403, 5, 3, 17, 'KMHR6605', 1, NULL, '2024-08-01 13:40:22'),
(404, 5, 3, 8, 'SM6421', 1, NULL, '2024-08-01 13:40:22'),
(405, 5, 3, 9, 'HR6337', 1, NULL, '2024-08-01 13:40:22'),
(406, 5, 3, 10, 'IT6507', 1, NULL, '2024-08-01 13:40:22'),
(407, 5, 3, 12, 'HR6606', 1, NULL, '2024-08-01 13:40:22'),
(408, 5, 3, 8, 'ST6520', 1, NULL, '2024-08-01 13:40:22'),
(409, 5, 3, 9, 'HR6354', 1, NULL, '2024-08-01 13:40:22'),
(410, 5, 3, 8, 'MK6602', 1, NULL, '2024-08-01 13:40:22'),
(411, 5, 3, 9, 'IT6406', 1, NULL, '2024-08-01 13:40:22'),
(412, 5, 3, 8, 'KMAC6414', 1, NULL, '2024-08-01 13:40:22'),
(413, 5, 3, 9, 'IT6407', 1, NULL, '2024-08-01 13:40:22'),
(414, 5, 3, 8, 'KMBL6404', 1, NULL, '2024-08-01 13:40:22'),
(415, 5, 3, 9, 'HR6607', 1, NULL, '2024-08-01 13:40:22'),
(416, 5, 3, 8, 'KMBL6405', 1, NULL, '2024-08-01 13:40:22'),
(417, 5, 3, 9, 'HR6650', 1, NULL, '2024-08-01 13:40:22'),
(418, 5, 3, 9, 'HR6652', 1, NULL, '2024-08-01 13:40:22'),
(419, 5, 3, 9, 'HR6730', 1, NULL, '2024-08-01 13:40:22');

-- --------------------------------------------------------

--
-- Table structure for table `field`
--

CREATE TABLE `field` (
  `id` int(11) NOT NULL,
  `uuid` binary(20) NOT NULL,
  `name` varchar(100) NOT NULL,
  `status` int(1) NOT NULL DEFAULT 1,
  `updated` datetime DEFAULT NULL,
  `created` datetime NOT NULL DEFAULT current_timestamp()
) ENGINE=InnoDB DEFAULT CHARSET=utf8mb4 COLLATE=utf8mb4_general_ci;

--
-- Dumping data for table `field`
--

INSERT INTO `field` (`id`, `uuid`, `name`, `status`, `updated`, `created`) VALUES
(1, 0x35616263303162372d346265662d313165662d38, 'ตรวจสอบภายใน', 1, NULL, '2024-07-27 15:08:06'),
(2, 0x33313232643234332d346662342d313165662d39, 'สายงานบริหารธุรกิจลูกค้าบุคคล', 1, NULL, '2024-08-01 10:14:40');

-- --------------------------------------------------------

--
-- Table structure for table `group`
--

CREATE TABLE `group` (
  `id` int(11) NOT NULL,
  `uuid` binary(20) NOT NULL,
  `name` varchar(100) NOT NULL,
  `status` int(1) NOT NULL DEFAULT 1,
  `updated` datetime DEFAULT NULL,
  `created` datetime NOT NULL DEFAULT current_timestamp()
) ENGINE=InnoDB DEFAULT CHARSET=utf8mb4 COLLATE=utf8mb4_general_ci;

--
-- Dumping data for table `group`
--

INSERT INTO `group` (`id`, `uuid`, `name`, `status`, `updated`, `created`) VALUES
(1, 0x35616262326533312d346265662d313165662d38, 'กลุ่มตรวจสอบ', 1, NULL, '2024-07-27 15:08:06'),
(2, 0x33313164643831632d346662342d313165662d39, 'กลุ่มลูกค้าบุคคล', 1, NULL, '2024-08-01 10:14:40');

-- --------------------------------------------------------

--
-- Table structure for table `login`
--

CREATE TABLE `login` (
  `id` int(11) NOT NULL,
  `uuid` binary(20) DEFAULT NULL,
  `email` varchar(100) NOT NULL,
  `password` varchar(200) NOT NULL,
  `level` int(1) NOT NULL DEFAULT 1,
  `status` int(1) NOT NULL DEFAULT 1,
  `updated` datetime DEFAULT NULL,
  `created` datetime NOT NULL DEFAULT current_timestamp()
) ENGINE=InnoDB DEFAULT CHARSET=utf8mb4 COLLATE=utf8mb4_general_ci;

--
-- Dumping data for table `login`
--

INSERT INTO `login` (`id`, `uuid`, `email`, `password`, `level`, `status`, `updated`, `created`) VALUES
(1, 0x30323133653763342d383961612d313165652d62, 'admin@test.com', '$2y$10$zgN7Tu3Yxcj/w0KCbhEBy.5EuYiJRPaDMd50CJ4L0D5a7pcVh/dgC', 9, 1, '2024-07-23 19:11:24', '2023-11-23 09:42:54');

-- --------------------------------------------------------

--
-- Table structure for table `position`
--

CREATE TABLE `position` (
  `id` int(11) NOT NULL,
  `uuid` binary(20) NOT NULL,
  `name` varchar(100) NOT NULL,
  `status` int(1) NOT NULL DEFAULT 1,
  `updated` datetime DEFAULT NULL,
  `created` datetime NOT NULL DEFAULT current_timestamp()
) ENGINE=InnoDB DEFAULT CHARSET=utf8mb4 COLLATE=utf8mb4_general_ci;

--
-- Dumping data for table `position`
--

INSERT INTO `position` (`id`, `uuid`, `name`, `status`, `updated`, `created`) VALUES
(1, 0x35616263396431352d346265662d313165662d38, 'ผู้อำนวยการฝ่ายตรวจสอบภายในสายสาขา', 1, NULL, '2024-07-27 15:08:06'),
(2, 0x35616266626631632d346265662d313165662d38, 'รองผู้อำนวยการฝ่าย ส่วนตรวจสอบภายในสายสาขา 1', 1, NULL, '2024-07-27 15:08:06'),
(3, 0x35616332623862392d346265662d313165662d38, 'ผู้ช่วยผู้อำนวยการฝ่าย หน่วยตรวจสอบภายในสายสาขา 1-4', 1, NULL, '2024-07-27 15:08:06'),
(4, 0x35616336646439362d346265662d313165662d38, 'รองผู้อำนวยการฝ่าย ส่วนตรวจสอบภายในสายสาขา 2', 1, NULL, '2024-07-27 15:08:06'),
(5, 0x35616339666662622d346265662d313165662d38, 'ผู้ช่วยผู้อำนวยการฝ่าย หน่วยตรวจสอบภายในสายสาขา 5-8', 1, NULL, '2024-07-27 15:08:06'),
(6, 0x35616364653266662d346265662d313165662d38, 'รองผู้อำนวยการฝ่าย ส่วนตรวจสอบภายในสายสาขา 3', 1, NULL, '2024-07-27 15:08:06'),
(7, 0x35616431303264662d346265662d313165662d38, 'ผู้ช่วยผู้อำนวยการฝ่าย หน่วยตรวจสอบภายในสายสาขา 9-12', 1, NULL, '2024-07-27 15:08:06'),
(8, 0x35616435316538332d346265662d313165662d38, 'รองผู้อำนวยการฝ่าย ส่วนตรวจสอบภายในสายสาขา 4', 1, NULL, '2024-07-27 15:08:06'),
(9, 0x35616438616235352d346265662d313165662d38, 'ผู้ช่วยผู้อำนวยการฝ่าย หน่วยตรวจสอบภายในสายสาขา 13-16', 1, NULL, '2024-07-27 15:08:06'),
(10, 0x35616464313261662d346265662d313165662d38, 'รองผู้อำนวยการฝ่าย ส่วนตรวจสอบภายในสายสาขา 5', 1, NULL, '2024-07-27 15:08:06'),
(11, 0x35616530353137322d346265662d313165662d38, 'ผู้ช่วยผู้อำนวยการฝ่าย หน่วยตรวจสอบภายในสายสาขา 17-20', 1, NULL, '2024-07-27 15:08:06'),
(12, 0x35616534326539622d346265662d313165662d38, 'รองผู้อำนวยการฝ่าย ส่วนตรวจสอบภายในสายสาขา 6', 1, NULL, '2024-07-27 15:08:06'),
(13, 0x35616537623464662d346265662d313165662d38, 'ผู้ช่วยผู้อำนวยการฝ่าย หน่วยตรวจสอบภายในสายสาขา 21-24', 1, NULL, '2024-07-27 15:08:06'),
(14, 0x35616562623965662d346265662d313165662d38, 'พนักงานตรวจสอบภายใน', 1, NULL, '2024-07-27 15:08:06'),
(15, 0x35616566393136382d346265662d313165662d38, 'ผู้อำนวยการฝ่ายตรวจสอบภายในสำนักงานใหญ่', 1, NULL, '2024-07-27 15:08:06'),
(16, 0x35616632393866352d346265662d313165662d38, 'รองผู้อำนวยการฝ่าย ส่วนตรวจสอบการลงทุนและความเสี่ยง', 1, NULL, '2024-07-27 15:08:06'),
(17, 0x35616635623134342d346265662d313165662d38, 'ผู้ช่วยผู้อำนวยการฝ่าย หน่วยตรวจสอบการลงทุนและความเสี่ยง 1-2', 1, NULL, '2024-07-27 15:08:06'),
(18, 0x35616638626166342d346265662d313165662d38, 'รองผู้อำนวยการฝ่าย ส่วนตรวจสอบบัญชีและการเงิน', 1, NULL, '2024-07-27 15:08:06'),
(19, 0x35616662633539622d346265662d313165662d38, 'ผู้ช่วยผู้อำนวยการฝ่าย หน่วยตรวจสอบบัญชีและการเงิน 1-2', 1, NULL, '2024-07-27 15:08:06'),
(20, 0x35616665643031632d346265662d313165662d38, 'รองผู้อำนวยการฝ่าย ส่วนตรวจสอบธุรกิจสินเชื่อ', 1, NULL, '2024-07-27 15:08:06'),
(21, 0x35623031653536382d346265662d313165662d38, 'ผู้ช่วยผู้อำนวยการฝ่าย หน่วยตรวจสอบธุรกิจสินเชื่อ 1-3', 1, NULL, '2024-07-27 15:08:06'),
(22, 0x35623034663664612d346265662d313165662d38, 'รองผู้อำนวยการฝ่าย ส่วนตรวจสอบธุรกิจเงินฝากและสนับสนุน', 1, NULL, '2024-07-27 15:08:06'),
(23, 0x35623038306133322d346265662d313165662d38, 'ผู้ช่วยผู้อำนวยการฝ่าย หน่วยตรวจสอบธุรกิจเงินฝากและสนับสนุน 1-3', 1, NULL, '2024-07-27 15:08:06'),
(24, 0x35623062323436362d346265662d313165662d38, 'รองผู้อำนวยการฝ่าย ส่วนตรวจสอบแผนงานและทรัพยากรบุคคล', 1, NULL, '2024-07-27 15:08:06'),
(25, 0x35623065366334352d346265662d313165662d38, 'ผู้ช่วยผู้อำนวยการฝ่าย หน่วยตรวจสอบแผนงานและทรัพยากรบุคคล 1-3', 1, NULL, '2024-07-27 15:08:06'),
(26, 0x35623134633062352d346265662d313165662d38, 'ผู้อำนวยการฝ่ายตรวจสอบพิเศษ', 1, NULL, '2024-07-27 15:08:06'),
(27, 0x35623137643865632d346265662d313165662d38, 'รองผู้อำนวยการฝ่าย ส่วนตรวจสอบพิเศษ 1', 1, NULL, '2024-07-27 15:08:06'),
(28, 0x35623161653039392d346265662d313165662d38, 'ผู้ช่วยผู้อำนวยการฝ่าย หน่วยตรวจสอบพิเศษ 1-2', 1, NULL, '2024-07-27 15:08:06'),
(29, 0x35623164666161382d346265662d313165662d38, 'รองผู้อำนวยการฝ่าย ส่วนตรวจสอบพิเศษ 2', 1, NULL, '2024-07-27 15:08:06'),
(30, 0x35623231336335612d346265662d313165662d38, 'ผู้ช่วยผู้อำนวยการฝ่าย หน่วยตรวจสอบพิเศษ 3-4', 1, NULL, '2024-07-27 15:08:06'),
(31, 0x33313336393731622d346662342d313165662d39, 'ผู้อำนวยการฝ่ายบริหารผลิตภัณฑ์และการตลาดเงินฝากและบริการ', 1, NULL, '2024-08-01 10:14:41'),
(32, 0x33313338336137612d346662342d313165662d39, 'รองผู้อำนวยการฝ่าย ส่วนบริหารผลิตภัณฑ์เงินฝากและบริการ', 1, NULL, '2024-08-01 10:14:41'),
(33, 0x33313339623534612d346662342d313165662d39, 'รองผู้อำนวยการฝ่าย ส่วนพัฒนาธุรกิจเงินฝากและบริการ', 1, NULL, '2024-08-01 10:14:41'),
(34, 0x33313362303766662d346662342d313165662d39, 'ผู้ช่วยผู้อำนวยการฝ่าย หน่วยบริหารผลิตภัณฑ์เงินฝากและบริการ 1-3', 1, NULL, '2024-08-01 10:14:41');

-- --------------------------------------------------------

--
-- Table structure for table `subject`
--

CREATE TABLE `subject` (
  `id` int(11) NOT NULL,
  `uuid` binary(20) NOT NULL,
  `code` varchar(10) NOT NULL,
  `name` text NOT NULL,
  `type` int(1) DEFAULT NULL,
  `status` int(1) NOT NULL DEFAULT 1,
  `updated` datetime DEFAULT NULL,
  `created` datetime NOT NULL DEFAULT current_timestamp()
) ENGINE=InnoDB DEFAULT CHARSET=utf8mb4 COLLATE=utf8mb4_general_ci;

--
-- Dumping data for table `subject`
--

INSERT INTO `subject` (`id`, `uuid`, `code`, `name`, `type`, `status`, `updated`, `created`) VALUES
(1, 0x66646638313231652d343866382d313165662d62, 'T001', 'Accounting Audit Skill ทักษะด้านการตรวจสอบบัญชี', 1, 1, '2024-07-26 18:55:25', '2024-07-23 20:39:31'),
(2, 0x66646638353865642d343866382d313165662d62, 'T002', 'Accounting Standard ความรู้ด้านมาตรฐานการบัญชี', 1, 1, '2024-07-26 18:55:25', '2024-07-23 20:39:31'),
(3, 0x66646638613033372d343866382d313165662d62, 'T003', 'Asset and Liability Management ความรู้เกี่ยวกับการบริหารสินทรัพย์', 1, 1, '2024-07-26 18:55:25', '2024-07-23 20:39:31'),
(4, 0x66646638643133612d343866382d313165662d62, 'T004', 'Internal Audit Standard มาตรฐานการตรวจสอบภายใน', 1, 1, '2024-07-26 18:55:25', '2024-07-23 20:39:31'),
(5, 0x66646639323861382d343866382d313165662d62, 'T005', 'Branch Management ความรู้ระบบงานสาขา', 1, 1, '2024-07-26 18:55:25', '2024-07-23 20:39:31'),
(6, 0x66646639353731362d343866382d313165662d62, 'T006', 'Business Continuity Management Skill ทักษะการบริหารความต่อเนื่องทางธุรกิจ', 1, 1, '2024-07-26 18:55:25', '2024-07-23 20:39:31'),
(7, 0x66646639383462642d343866382d313165662d62, 'T007', 'Business Model Products and Services ความรู้ด้านผลิตภัณฑ์และบริการของธนาคาร', 1, 1, '2024-07-26 18:55:25', '2024-07-23 20:39:31'),
(8, 0x66646639623464632d343866382d313165662d62, 'T008', 'Communication Skill ทักษะการสื่อสาร', 1, 1, '2024-07-26 18:55:25', '2024-07-23 20:39:31'),
(9, 0x66646639653337622d343866382d313165662d62, 'T009', 'Rules and Regulations กฎและข้อบังคับ', 1, 1, '2024-07-26 18:55:25', '2024-07-23 20:39:31'),
(10, 0x66646661313330362d343866382d313165662d62, 'T010', 'Compliance Risk Management ความเสี่ยงจากการกำกับการปฏิบัติตามกฎเกณฑ์', 1, 1, '2024-07-26 18:55:25', '2024-07-23 20:39:31'),
(11, 0x66646661346264322d343866382d313165662d62, 'T011', 'Contract Management ความรู้ด้านการบริหารสัญญา', 1, 1, '2024-07-26 18:55:25', '2024-07-23 20:39:31'),
(12, 0x66646661393039352d343866382d313165662d62, 'T012', 'Consulting Skill ทักษะการให้คำปรึกษา', 1, 1, '2024-07-26 18:55:25', '2024-07-23 20:39:32'),
(13, 0x66646661633737322d343866382d313165662d62, 'T013', 'Credit Analysis การวิเคราะห์สินเชื่อ', 1, 1, '2024-07-26 18:55:25', '2024-07-23 20:39:32'),
(14, 0x66646661663966332d343866382d313165662d62, 'T014', 'Credit Risk Management การบริหารความเสี่ยงด้านสินเชื่อ', 1, 1, '2024-07-26 18:55:25', '2024-07-23 20:39:32'),
(15, 0x66646662353362632d343866382d313165662d62, 'T015', 'Design Thinking ความคิดเชิงออกแบบ', 1, 1, '2024-07-26 18:55:25', '2024-07-23 20:39:32'),
(16, 0x66646662383138632d343866382d313165662d62, 'T016', 'Cyber Security ความปลอดภัยทางไซเบอร์', 1, 1, '2024-07-26 18:55:25', '2024-07-23 20:39:32'),
(17, 0x66646662616635382d343866382d313165662d62, 'T017', 'Data Analytic การวิเคราะห์ข้อมูล', 1, 1, '2024-07-26 18:55:25', '2024-07-23 20:39:32'),
(18, 0x66646662646332302d343866382d313165662d62, 'T018', 'Data Management การจัดการข้อมูล', 1, 1, '2024-07-26 18:55:25', '2024-07-23 20:39:32'),
(19, 0x66646663306435382d343866382d313165662d62, 'T019', 'Debt Management Skill ทักษะการบริหารจัดการหนี้', 1, 1, '2024-07-26 18:55:25', '2024-07-23 20:39:32'),
(20, 0x66646663333964652d343866382d313165662d62, 'T020', 'Digital Business Acumen ความเฉียบแหลมทางธุรกิจดิจิทัล', 1, 1, '2024-07-26 18:55:25', '2024-07-23 20:39:32'),
(21, 0x66646663363464392d343866382d313165662d62, 'T021', 'Digital Investment การลงทุนดิจิทัล', 1, 1, '2024-07-26 18:55:25', '2024-07-23 20:39:32'),
(22, 0x66646663386631302d343866382d313165662d62, 'T022', 'Digital Literacy ความรู้ด้านดิจิทัล', 1, 1, '2024-07-26 18:55:25', '2024-07-23 20:39:32'),
(23, 0x66646663623834312d343866382d313165662d62, 'T023', 'Digital Platform / CRM Technology เทคโนโลยีซีอาร์เอ็ม', 1, 1, '2024-07-26 18:55:25', '2024-07-23 20:39:32'),
(24, 0x66646663653230642d343866382d313165662d62, 'T024', 'Digital Transformation การปฏิรูปทางดิจิทัล', 1, 1, '2024-07-26 18:55:25', '2024-07-23 20:39:32'),
(25, 0x66646664333437332d343866382d313165662d62, 'T025', 'Economic & Financial Market เศรษฐกิจ และตลาดการเงิน', 1, 1, '2024-07-26 18:55:25', '2024-07-23 20:39:32'),
(26, 0x66646664356666372d343866382d313165662d62, 'T026', 'Event Management การจัดการกิจกรรม', 1, 1, '2024-07-26 18:55:25', '2024-07-23 20:39:32'),
(27, 0x66646664386533362d343866382d313165662d62, 'T027', 'Financial Advisory ที่ปรึกษาทางการเงิน', 1, 1, '2024-07-26 18:55:25', '2024-07-23 20:39:32'),
(28, 0x66646664623934302d343866382d313165662d62, 'T028', 'Finance and Accounting Knowledge ความรู้ด้านบัญชีและการเงิน', 1, 1, '2024-07-26 18:55:25', '2024-07-23 20:39:32'),
(29, 0x66646664653362632d343866382d313165662d62, 'T029', 'Financial Literacy ความรู้ทั่วไปด้านการเงิน', 1, 1, '2024-07-26 18:55:25', '2024-07-23 20:39:32'),
(30, 0x66646665306531302d343866382d313165662d62, 'T030', 'Financial and Investment Knowledge ความรู้ด้านการเงินการลงทุน', 1, 1, '2024-07-26 18:55:25', '2024-07-23 20:39:32'),
(31, 0x66646665333766392d343866382d313165662d62, 'T031', 'HR Strategy Management การจัดการกลยุทธ์ด้านทรัพยากรบุคคล', 1, 1, '2024-07-26 18:55:25', '2024-07-23 20:39:32'),
(32, 0x66646665363162352d343866382d313165662d62, 'T032', 'Human Resource Management Tools ความรู้เกี่ยวกับเครื่องมือในการบริหารทรัพยากรบุคคล', 1, 1, '2024-07-26 18:55:25', '2024-07-23 20:39:32'),
(33, 0x66646665386363302d343866382d313165662d62, 'T033', 'Information System & Digital Security ความรู้ด้านความปลอดภัยดิจิทัลและระบบสารสนเทศ', 1, 1, '2024-07-26 18:55:25', '2024-07-23 20:39:32'),
(34, 0x66646665653562372d343866382d313165662d62, 'T034', 'Insurance Knowledge ความรู้ด้านการประกันภัย', 1, 1, '2024-07-26 18:55:25', '2024-07-23 20:39:32'),
(35, 0x66646666313538302d343866382d313165662d62, 'T035', 'International Trade Rules & Regulation ความรู้กฎเกณฑ์ทางการค้าระหว่างประเทศ', 1, 1, '2024-07-26 18:55:25', '2024-07-23 20:39:32'),
(36, 0x66646666343263332d343866382d313165662d62, 'T036', '(ซ้ำ T030) **รหัสซ้ำกัน ppt ผลวิเคราะห์**', 1, 1, '2024-07-26 18:55:25', '2024-07-23 20:39:32'),
(37, 0x66646666373039632d343866382d313165662d62, 'T037', 'IT Framework Process กระบวนการทำ IT Framework', 1, 1, '2024-07-26 18:55:25', '2024-07-23 20:39:32'),
(38, 0x66646666616136312d343866382d313165662d62, 'T038', 'IT Risk & Control ความเสี่ยงและการควบคุมด้าน IT', 1, 1, '2024-07-26 18:55:25', '2024-07-23 20:39:32'),
(39, 0x66646666643963372d343866382d313165662d62, 'T039', 'IT Service Management การจัดการบริการ IT', 1, 1, '2024-07-26 18:55:25', '2024-07-23 20:39:32'),
(40, 0x66653030303638312d343866382d313165662d62, 'T040', 'IT Strategic Management การจัดการเชิงกลยุทธ์ด้าน IT', 1, 1, '2024-07-26 18:55:25', '2024-07-23 20:39:32'),
(41, 0x66653030333435642d343866382d313165662d62, 'T041', 'Knowledge of Construction and Maintenance  ความรู้ด้านการก่อสร้าง ซ่อมแซมด้านช่าง', 1, 1, '2024-07-26 18:55:25', '2024-07-23 20:39:32'),
(42, 0x66653030363230312d343866382d313165662d62, 'T042', 'Knowledge of The Debtor Litigation Process ความรู้กระบวนการดำเนินคดีลูกหนี้', 1, 1, '2024-07-26 18:55:25', '2024-07-23 20:39:32'),
(43, 0x66653030393038392d343866382d313165662d62, 'T043', 'Labor Law, Occupational Health Law กฎหมายแรงงานและกฎหมายอาชีวอนามัย', 1, 1, '2024-07-26 18:55:25', '2024-07-23 20:39:32'),
(44, 0x66653030653931642d343866382d313165662d62, 'T044', 'Learning & Development Design การออกแบบเพื่อการเรียนรู้และพัฒนา', 1, 1, '2024-07-26 18:55:25', '2024-07-23 20:39:32'),
(45, 0x66653031313638662d343866382d313165662d62, 'T045', 'Legal Knowledge and Forms of Legal Contracts ความรอบรู้ด้านกฎหมาย การดำเนินคดี และรูปแบบนิติกรรมสัญญาต่างๆ', 1, 1, '2024-07-26 18:55:25', '2024-07-23 20:39:32'),
(46, 0x66653031343565322d343866382d313165662d62, 'T046', 'Law & Regulation and IT Compliance การกำกับดูแลทางด้านเทคโนโลยีสารสนเทศ', 1, 1, '2024-07-26 18:55:25', '2024-07-23 20:39:32'),
(47, 0x66653031373336662d343866382d313165662d62, 'T047', 'Machine Learning and Predictive Modeling การเรียนรู้ของเครื่องและการสร้างโมเดลทำนาย', 1, 1, '2024-07-26 18:55:25', '2024-07-23 20:39:32'),
(48, 0x66653031396439622d343866382d313165662d62, 'T048', 'Marketing Communication การสื่อสารการตลาด', 1, 1, '2024-07-26 18:55:25', '2024-07-23 20:39:32'),
(49, 0x66653031633938302d343866382d313165662d62, 'T049', 'Media & Digital Marketing สื่อและการตลาดดิจิทัล', 1, 1, '2024-07-26 18:55:25', '2024-07-23 20:39:32'),
(50, 0x66653031663531342d343866382d313165662d62, 'T050', 'Marketing Management การจัดการการตลาด', 1, 1, '2024-07-26 18:55:25', '2024-07-23 20:39:32'),
(51, 0x66653032323939622d343866382d313165662d62, 'T051', 'Marketing Strategy กลยุทธ์ด้านการตลาด', 1, 1, '2024-07-26 18:55:25', '2024-07-23 20:39:32'),
(52, 0x66653032366138392d343866382d313165662d62, 'T052', 'Model Development (Business, Accounting, Stress Test) การพัฒนาแบบจำลอง (ธุรกิจ การบัญชี การทดสอบความวิกฤตทางการเงิน)', 1, 1, '2024-07-26 18:55:25', '2024-07-23 20:39:32'),
(53, 0x66653032626438332d343866382d313165662d62, 'T053', 'Money Market, Capital Markets, And Financial Instruments ความรู้ด้านตลาดเงิน ตลาดทุนและเครื่องมือทางการเงิน', 1, 1, '2024-07-26 18:55:25', '2024-07-23 20:39:32'),
(54, 0x66653032653838312d343866382d313165662d62, 'T054', 'Negotiation Skill ทักษะการเจรจาต่อรอง', 1, 1, '2024-07-26 18:55:25', '2024-07-23 20:39:32'),
(55, 0x66653033313531622d343866382d313165662d62, 'T055', 'Omnichannel Strategy กลยุทธ์การติดต่อสื่อสารกับลูกค้าที่หลากหลายช่องทาง', 1, 1, '2024-07-26 18:55:25', '2024-07-23 20:39:32'),
(56, 0x66653033343935632d343866382d313165662d62, 'T056', 'Operational Risk Analysis Skills and Prevention of Corruption ทักษะการวิเคราะห์ความเสี่ยงด้านปฏิบัติการและการป้องกันการทุจริต', 1, 1, '2024-07-26 18:55:25', '2024-07-23 20:39:32'),
(57, 0x66653033373732312d343866382d313165662d62, 'T057', 'Organizational Culture Management การบริหารวัฒนธรรมองค์กร', 1, 1, '2024-07-26 18:55:25', '2024-07-23 20:39:32'),
(58, 0x66653033613138652d343866382d313165662d62, 'T058', 'Organization Structure การจัดการโครงสร้างองค์กร', 1, 1, '2024-07-26 18:55:25', '2024-07-23 20:39:32'),
(59, 0x66653033636431642d343866382d313165662d62, 'T059', 'Performance Management System (PMS) ความรู้ด้านการบริหารผลการปฏิบัติงาน', 1, 1, '2024-07-26 18:55:25', '2024-07-23 20:39:32'),
(60, 0x66653033663931612d343866382d313165662d62, 'T060', 'Portfolio Management การจัดการพอร์ตโฟลิโอ', 1, 1, '2024-07-26 18:55:25', '2024-07-23 20:39:32'),
(61, 0x66653034343933642d343866382d313165662d62, 'T061', 'Presentation Skill ทักษะในการนำเสนอ', 1, 1, '2024-07-26 18:55:25', '2024-07-23 20:39:32'),
(62, 0x66653034373264312d343866382d313165662d62, 'T062', 'Procurement Knowledge ความรู้ด้านการจัดซื้อจัดจ้าง', 1, 1, '2024-07-26 18:55:25', '2024-07-23 20:39:32'),
(63, 0x66653034396533312d343866382d313165662d62, 'T063', 'Product Management การบริหารจัดการผลิตภัณฑ์', 1, 1, '2024-07-26 18:55:25', '2024-07-23 20:39:32'),
(64, 0x66653034643662332d343866382d313165662d62, 'T064', 'Project Feasibility การวิเคราะห์ความเป็นไปได้ของโครงการ', 1, 1, '2024-07-26 18:55:25', '2024-07-23 20:39:32'),
(65, 0x66653035303762352d343866382d313165662d62, 'T065', 'Project Management การบริหารจัดการโครงการ', 1, 1, '2024-07-26 18:55:25', '2024-07-23 20:39:32'),
(66, 0x66653035336364642d343866382d313165662d62, 'T066', 'Quality Assurance and Control การประกันคุณภาพและการควบคุม', 1, 1, '2024-07-26 18:55:25', '2024-07-23 20:39:32'),
(67, 0x66653035363966302d343866382d313165662d62, 'T067', 'Recruitment and Selection ความรู้ด้านการสรรหาและคัดเลือกบุคลากร', 1, 1, '2024-07-26 18:55:25', '2024-07-23 20:39:32'),
(68, 0x66653035393636662d343866382d313165662d62, 'T068', 'Risk of Fraud Assessment การประเมินความเสี่ยงด้านการทุจริต', 1, 1, '2024-07-26 18:55:25', '2024-07-23 20:39:32'),
(69, 0x66653035636137302d343866382d313165662d62, 'T069', 'Rules and Regulations กฎและข้อบังคับ', 1, 1, '2024-07-26 18:55:25', '2024-07-23 20:39:32'),
(70, 0x66653036316436642d343866382d313165662d62, 'T070', 'Resource Management การบริหารจัดการทรัพยากร', 1, 1, '2024-07-26 18:55:25', '2024-07-23 20:39:32'),
(71, 0x66653036346132342d343866382d313165662d62, 'T071', 'Salary and Compensation Structure Management ความรู้ด้านการจัดทำโครงสร้างเงินเดือนและค่าตอบแทน', 1, 1, '2024-07-26 18:55:25', '2024-07-23 20:39:32'),
(72, 0x66653036373566662d343866382d313165662d62, 'T072', 'Software Development Process กระบวนการพัฒนาซอฟต์แวร์', 1, 1, '2024-07-26 18:55:25', '2024-07-23 20:39:32'),
(73, 0x66653036613231362d343866382d313165662d62, 'T073', 'Software Development Technology เทคโนโลยีการพัฒนาซอฟต์แวร์', 1, 1, '2024-07-26 18:55:25', '2024-07-23 20:39:32'),
(74, 0x66653036636436362d343866382d313165662d62, 'T074', 'Securities Evaluation การประเมินหลักทรัพย์', 1, 1, '2024-07-26 18:55:25', '2024-07-23 20:39:32'),
(75, 0x66653036666462632d343866382d313165662d62, 'T075', 'Stakeholders Management การจัดการผู้มีส่วนได้เสีย', 1, 1, '2024-07-26 18:55:25', '2024-07-23 20:39:32'),
(76, 0x66653037326434622d343866382d313165662d62, 'T076', 'Statistical Analysis and Inference การวิเคราะห์ทางสถิติและการอ้างอิง', 1, 1, '2024-07-26 18:55:25', '2024-07-23 20:39:32'),
(77, 0x66653037363131342d343866382d313165662d62, 'T077', 'Strategic Management การจัดการเชิงกลยุทธ์', 1, 1, '2024-07-26 18:55:25', '2024-07-23 20:39:32'),
(78, 0x66653037393132632d343866382d313165662d62, 'T079', 'System CBS (Core Banking System) ระบบงานบริการลูกค้าหลัก', 1, 1, '2024-07-26 18:55:25', '2024-07-23 20:39:32'),
(79, 0x66653037653732362d343866382d313165662d62, 'T080', 'System DCMS / COMO / TDR / WO / LS ระบบบริหารและติดตามหนี้', 1, 1, '2024-07-26 18:55:25', '2024-07-23 20:39:32'),
(80, 0x66653038313334302d343866382d313165662d62, 'T081', 'System Enlite Optimist ความรู้เรื่องระบบงาน ระบบวิเคราะห์ข้อมูลทางธุรกิจ', 1, 1, '2024-07-26 18:55:25', '2024-07-23 20:39:32'),
(81, 0x66653038343531302d343866382d313165662d62, 'T082', 'System ERP, FIS ระบบงานบัญชีและการเงิน / System GIS', 1, 1, '2024-07-26 18:55:25', '2024-07-23 20:39:32'),
(82, 0x66653038373261362d343866382d313165662d62, 'T083', 'System ICS / Bulk Payment / ICM', 1, 1, '2024-07-26 18:55:25', '2024-07-23 20:39:32'),
(83, 0x66653038613136662d343866382d313165662d62, 'T084', 'System LOR / CMS', 1, 1, '2024-07-26 18:55:25', '2024-07-23 20:39:32'),
(84, 0x66653038643265622d343866382d313165662d62, 'T085', 'System Smart Tracking ระบบติดตามงานและระบบงานศูนย์จัดเก็บเอกสารสำคัญ', 1, 1, '2024-07-26 18:55:25', '2024-07-23 20:39:32'),
(85, 0x66653039303038622d343866382d313165662d62, 'T086', 'System Swift / RSS', 1, 1, '2024-07-26 18:55:25', '2024-07-23 20:39:32'),
(86, 0x66653039326465642d343866382d313165662d62, 'T087', 'System ระบบงานคอมพิวเตอร์ เพื่อใช้ในการพิจารณาคดีออนไลน์ (Cios)', 1, 1, '2024-07-26 18:55:25', '2024-07-23 20:39:32'),
(87, 0x66653039356634322d343866382d313165662d62, 'T088', 'System ระบบงานเพื่อการลงทุนและบริหารเงิน', 1, 1, '2024-07-26 18:55:25', '2024-07-23 20:39:32'),
(88, 0x66653039386561392d343866382d313165662d62, 'T089', 'Technology-based Audit Techniques เทคนิคการตรวจสอบโดยใช้เทคโนโลยี', 1, 1, '2024-07-26 18:55:25', '2024-07-23 20:39:32'),
(89, 0x66653061343535322d343866382d313165662d62, 'T090', 'Time Management and Prioritization การจัดการเวลาและการกำหนดลำดับความสำคัญ', 1, 1, '2024-07-26 18:55:25', '2024-07-23 20:39:32'),
(90, 0x66653061383732312d343866382d313165662d62, 'T091', 'Workforce Analysis การวิเคราะห์อัตรากำลัง', 1, 1, '2024-07-26 18:55:25', '2024-07-23 20:39:32'),
(91, 0x66653061626264622d343866382d313165662d62, 'T092', 'Process Improvement การปรับปรุงกระบวนการ', 1, 1, '2024-07-26 18:55:25', '2024-07-23 20:39:32'),
(92, 0x66653062316133322d343866382d313165662d62, 'T093', 'Community Service Management การจัดการบริการชุมชน', 1, 1, '2024-07-26 18:55:25', '2024-07-23 20:39:32'),
(93, 0x66653062343863342d343866382d313165662d62, 'T094', 'KM Strategy Management การจัดการกลยุทธ์ด้านบริหารจัดการความรู้', 1, 1, '2024-07-26 18:55:25', '2024-07-23 20:39:32'),
(94, 0x66653062376339302d343866382d313165662d62, 'B001', 'Action Oriented มุ่งเน้นการกระทำ', 1, 1, '2024-07-26 18:55:25', '2024-07-23 20:39:32'),
(95, 0x66653062616366352d343866382d313165662d62, 'B002', 'Analytical Thinking การคิดเชิงวิเคราะห์', 1, 1, '2024-07-26 18:55:25', '2024-07-23 20:39:32'),
(96, 0x66653062646165642d343866382d313165662d62, 'B003', 'Attentive to Detail การใส่ใจในรายละเอียด', 1, 1, '2024-07-26 18:55:25', '2024-07-23 20:39:32'),
(97, 0x66653063303961652d343866382d313165662d62, 'B004', 'Collaboration การทำงานร่วมกัน', 1, 1, '2024-07-26 18:55:25', '2024-07-23 20:39:32'),
(98, 0x66653063336137322d343866382d313165662d62, 'B005', 'Creative Problem Solving & Decision Making การแก้ปัญหาและการตัดสินใจอย่างสร้างสรรค์', 1, 1, '2024-07-26 18:55:25', '2024-07-23 20:39:32'),
(99, 0x66653063373632612d343866382d313165662d62, 'B006', 'Creative Thinking ความคิดสร้างสรรค์', 1, 1, '2024-07-26 18:55:25', '2024-07-23 20:39:32'),
(100, 0x66653063623139612d343866382d313165662d62, 'B007', 'Drive Engagement สร้างแรงจูงใจ', 1, 1, '2024-07-26 18:55:25', '2024-07-23 20:39:32'),
(101, 0x66653063653732352d343866382d313165662d62, 'B008', 'Ensure Accountability การเข้าใจในบทบาทความรับผิดชอบ', 1, 1, '2024-07-26 18:55:25', '2024-07-23 20:39:32'),
(102, 0x66653064343764622d343866382d313165662d62, 'B009', 'Flexibility ความยืดหยุ่น', 1, 1, '2024-07-26 18:55:25', '2024-07-23 20:39:32'),
(103, 0x66653064376139662d343866382d313165662d62, 'B010', 'Information Seeking การแสวงหาข้อมูล', 1, 1, '2024-07-26 18:55:25', '2024-07-23 20:39:32'),
(104, 0x66653064616361322d343866382d313165662d62, 'B011', 'Instills Trust ปลูกฝังความไว้วางใจ', 1, 1, '2024-07-26 18:55:25', '2024-07-23 20:39:32'),
(105, 0x66653064646538382d343866382d313165662d62, 'B012', 'Interpersonal Savvy ความชำนาญเชิงความสัมพันธ์ระหว่างบุคคล', 1, 1, '2024-07-26 18:55:25', '2024-07-23 20:39:32'),
(106, 0x66653065306666632d343866382d313165662d62, 'B013', 'Managing Change การจัดการการเปลี่ยนแปลง', 1, 1, '2024-07-26 18:55:25', '2024-07-23 20:39:32'),
(107, 0x66653065336663612d343866382d313165662d62, 'B014', 'Manage Complexity จัดการกับความซับซ้อนได้', 1, 1, '2024-07-26 18:55:25', '2024-07-23 20:39:32'),
(108, 0x66653065373561322d343866382d313165662d62, 'B015', 'Manage Conflict การบริหารจัดการความขัดแย้ง', 1, 1, '2024-07-26 18:55:25', '2024-07-23 20:39:32'),
(109, 0x66653065616235302d343866382d313165662d62, 'B016', 'Nimble Learning การเรียนรู้อย่างคล่องตัว', 1, 1, '2024-07-26 18:55:25', '2024-07-23 20:39:32'),
(110, 0x66653065653332332d343866382d313165662d62, 'B017', 'Plans and Aligns การวางแผน', 1, 1, '2024-07-26 18:55:25', '2024-07-23 20:39:32'),
(111, 0x66653066353562302d343866382d313165662d62, 'B018', 'Self Development การพัฒนาตัวเอง', 1, 1, '2024-07-26 18:55:25', '2024-07-23 20:39:32'),
(112, 0x66653066383936382d343866382d313165662d62, 'B019', 'Situational Adaptability การปรับตัวตามสถานการณ์', 1, 1, '2024-07-26 18:55:25', '2024-07-23 20:39:32'),
(113, 0x66653066623737342d343866382d313165662d62, 'B020', 'Systematic Thinking การคิดอย่างเป็นระบบ', 1, 1, '2024-07-26 18:55:25', '2024-07-23 20:39:32'),
(114, 0x66653066653963322d343866382d313165662d62, 'CR6225', 'Accounting And Finance for Risk Managers', 2, 1, '2024-07-26 18:55:25', '2024-07-23 20:39:32'),
(115, 0x66653130313937352d343866382d313165662d62, 'AC6104', 'บัญชีง่าย ๆ สำหรับผู้บริหาร (ตอนที่ 1)', 2, 1, '2024-07-26 18:55:25', '2024-07-23 20:39:32'),
(116, 0x66653130346365372d343866382d313165662d62, 'AC6105', 'บัญชีง่ายๆสำหรับผู้บริหาร 2', 2, 1, '2024-07-26 18:55:25', '2024-07-23 20:39:32'),
(117, 0x66653130383566382d343866382d313165662d62, 'CR5909', 'การบริหารความเสี่ยงด้านสภาพคล่อง...ใกล้ตัวกว่าที่คิด', 2, 1, '2024-07-26 18:55:25', '2024-07-23 20:39:32'),
(118, 0x66653130626133622d343866382d313165662d62, 'KCR6401', 'องค์ความรู้เรื่องการควบคุมภายในด้านการปฏิบัติงานสาขา', 2, 1, '2024-07-26 18:55:25', '2024-07-23 20:39:32'),
(119, 0x66653130653938662d343866382d313165662d62, 'KMCR6409', 'ความรู้เกี่ยวกับการปฏิบัติตามกฎเกณฑ์ (ธุรกรรมธนาคาร)', 2, 1, '2024-07-26 18:55:25', '2024-07-23 20:39:32'),
(120, 0x66653131316234612d343866382d313165662d62, 'KMCR6502', 'การควบคุมภายในเพื่อลดข้อผิดพลาดในการปฏิบัติงานสาขา ประจำปี 2565', 2, 1, '2024-07-26 18:55:25', '2024-07-23 20:39:32'),
(121, 0x66653131373938642d343866382d313165662d62, 'KMCR6609', 'GSB MAN 2023 Ep.2 \"การปฏิบัติงานเกี่ยวกับ การยืนยันตัวตนของลูกค้า\"', 2, 1, '2024-07-26 18:55:25', '2024-07-23 20:39:32'),
(122, 0x66653131616266322d343866382d313165662d62, 'KMCR6610', 'GSB MAN 2023 Ep.1 \"การปฏิบัติงานเกี่ยวกับการตรวจสอบและรักษาเงินสดประจำวัน\"', 2, 1, '2024-07-26 18:55:25', '2024-07-23 20:39:32'),
(123, 0x66653131653739322d343866382d313165662d62, 'KMCR6615', 'VDO : หลักสูตร \"เตรียมความพร้อมในการปฏิบัติตามประกาศคณะกรรมการว่าด้วยสัญญา เรื่อง ให้ธุรกิจการให้กู้ยืมเงินเพื่อผู้บริโภคเป็นธุรกิจที่ควบคุมสัญญา พ.ศ. 2565\"', 2, 1, '2024-07-26 18:55:25', '2024-07-23 20:39:32'),
(124, 0x66653132326161612d343866382d313165662d62, 'KMAC6503', 'องค์ความรู้เรื่องการควบคุมภายในด้านการปฏิบัติงานสาขา \" เรื่องห้ามนำมือถือของลูกค้ามาทำธุรกรรม \"', 2, 1, '2024-07-26 18:55:25', '2024-07-23 20:39:32'),
(125, 0x66653132363339332d343866382d313165662d62, 'KMAC6504', 'องค์ความรู้เรื่องการควบคุมภายในด้านการปฏิบัติงานสาขา \" เรื่องปิดบัญชีสินเชื่อ \"', 2, 1, '2024-07-26 18:55:25', '2024-07-23 20:39:32'),
(126, 0x66653132396562382d343866382d313165662d62, 'KMAC6505', 'องค์ความรู้เรื่องการควบคุมภายในด้านการปฏิบัติงานสาขา \" เรื่องการปรับปรุงโครงสร้างหนี้ \"', 2, 1, '2024-07-26 18:55:25', '2024-07-23 20:39:32'),
(127, 0x66653133353331352d343866382d313165662d62, 'KMAC6506', 'องค์ความรู้เรื่องการควบคุมภายในด้านการปฏิบัติงานสาขา \" เรื่องการนำบัตรอนุมัติของผู้อื่นมาใช้ \"', 2, 1, '2024-07-26 18:55:25', '2024-07-23 20:39:32'),
(128, 0x66653133393937352d343866382d313165662d62, 'KMAC6507', 'องค์ความรู้เรื่องการควบคุมภายในด้านการปฏิบัติงานสาขา \" เรื่องการตรวจสอบรายงาน MYMO \"', 2, 1, '2024-07-26 18:55:25', '2024-07-23 20:39:32'),
(129, 0x66653133643265622d343866382d313165662d62, 'KMAC6508', 'องค์ความรู้เรื่องการควบคุมภายในด้านการปฏิบัติงานสาขา \" เรื่องการตรวจสอบราคาประเมินที่อยู่อาศัย \"', 2, 1, '2024-07-26 18:55:25', '2024-07-23 20:39:32'),
(130, 0x66653134303461392d343866382d313165662d62, 'KMAC6601', 'GSB Easy Talk : Voice of Customer (VOC) การรับฟังเสียงของลูกค้า', 2, 1, '2024-07-26 18:55:25', '2024-07-23 20:39:32'),
(131, 0x66653134333737342d343866382d313165662d62, 'HR6365', 'หลักสูตรสมรรถนะประจำตำแหน่งงาน (FUNCTIONAL COMPETENCY) ธนาคารออมสิน เรื่อง Account Management บริหารความสัมพันธ์ทางธุรกิจ (สำหรับพนักงานปฏิบัติการ)', 2, 1, '2024-07-26 18:55:25', '2024-07-23 20:39:32'),
(132, 0x66653134363831642d343866382d313165662d62, 'HR6366', 'หลักสูตรสมรรถนะประจำตำแหน่งงาน (FUNCTIONAL COMPETENCY) ธนาคารออมสินเรื่อง Account Management บริหารความสัมพันธ์ทางธุรกิจ (สำหรับผู้บริหารระดับต้น-กลาง)', 2, 1, '2024-07-26 18:55:25', '2024-07-23 20:39:32'),
(133, 0x66653134393638322d343866382d313165662d62, 'HR6367', 'หลักสูตรสมรรถนะประจำตำแหน่งงาน (FUNCTIONAL COMPETENCY) ธนาคารออมสิน เรื่อง Account Management บริหารความสัมพันธ์ทางธุรกิจ (สำหรับผู้บริหารระดับสูง)', 2, 1, '2024-07-26 18:55:25', '2024-07-23 20:39:32'),
(134, 0x66653134633430642d343866382d313165662d62, 'SC6516', 'Business Continuity', 2, 1, '2024-07-26 18:55:25', '2024-07-23 20:39:32'),
(135, 0x66653134663064632d343866382d313165662d62, 'SC6620', 'การธนาคารเพื่อความยั่งยืน', 2, 1, '2024-07-26 18:55:25', '2024-07-23 20:39:32'),
(136, 0x66653135343538342d343866382d313165662d62, 'KMIT6501', 'ถอดบทเรียน การบริหารความต่อเนื่องทางธุรกิจ จากสถานการณ์แพร่ระบาด COVID-19 โดยคุณ บุญสน เจนชัยมหกุล', 2, 1, '2024-07-26 18:55:25', '2024-07-23 20:39:32'),
(137, 0x66653135373365332d343866382d313165662d62, 'KMHR6502', 'ถอดบทเรียน การบริหารความต่อเนื่องทางธุรกิจ จากสถานการณ์แพร่ระบาด COVID-19 โดยคุณ เทอดธรรม สุวิชาวรพันธุ์', 2, 1, '2024-07-26 18:55:25', '2024-07-23 20:39:32'),
(138, 0x66653135613037332d343866382d313165662d62, 'KMHR6503', 'ถอดบทเรียน การบริหารความต่อเนื่องทางธุรกิจ จากสถานการณ์แพร่ระบาด COVID-19 โดยคุณ ฐนิตา วิรุฬหกุล', 2, 1, '2024-07-26 18:55:25', '2024-07-23 20:39:32'),
(139, 0x66653135636464652d343866382d313165662d62, 'KMHR6504', 'ถอดบทเรียน การบริหารความต่อเนื่องทางธุรกิจ จากสถานการณ์แพร่ระบาด COVID-19 โดยคุณ อนุรักษ์ วงศ์วัฒนะ', 2, 1, '2024-07-26 18:55:25', '2024-07-23 20:39:32'),
(140, 0x66653136303132382d343866382d313165662d62, 'KMCR6503', 'ถอดบทเรียน การบริหารความต่อเนื่องทางธุรกิจ จากสถานการณ์แพร่ระบาด COVID-19 โดย คุณวิทัย รัตนากร ผู้อำนวยการธนาคารออมสิน', 2, 1, '2024-07-26 18:55:25', '2024-07-23 20:39:32'),
(141, 0x66653136343662622d343866382d313165662d62, 'SM6323', 'ความรู้เกี่ยวกับข้อมูลเครดิต', 2, 1, '2024-07-26 18:55:25', '2024-07-23 20:39:32'),
(142, 0x66653136383534632d343866382d313165662d62, 'SM6327', 'การให้บริการรับขึ้นเงินรางวัลสลากกินแบ่งรัฐบาล', 2, 1, '2024-07-26 18:55:25', '2024-07-23 20:39:32'),
(143, 0x66653136633039382d343866382d313165662d62, 'CR6338', 'กฎเกณฑ์ที่เกี่ยวกับการให้คำแนะนำผลิตภัณฑ์การลงทุน', 2, 1, '2024-07-26 18:55:25', '2024-07-23 20:39:32'),
(144, 0x66653136663333312d343866382d313165662d62, 'SM6421', 'NON BANK', 2, 1, '2024-07-26 18:55:25', '2024-07-23 20:39:32'),
(145, 0x66653137323762312d343866382d313165662d62, 'ST6520', 'Beyond a sales: being a business consultant', 2, 1, '2024-07-26 18:55:25', '2024-07-23 20:39:32'),
(146, 0x66653137383634612d343866382d313165662d62, 'CR6521', 'ธุรกิจธนาคารและหนี้ (Banking & Debt)', 2, 1, '2024-07-26 18:55:25', '2024-07-23 20:39:32'),
(147, 0x66653137623834342d343866382d313165662d62, 'MK6602', 'สลากออมสิน', 2, 1, '2024-07-26 18:55:25', '2024-07-23 20:39:32'),
(148, 0x66653137656230342d343866382d313165662d62, 'KMAC6414', 'THE HAPPY TIPS : ตอนที่ 2 ประเภทและข้อมูลของประกันภัย', 2, 1, '2024-07-26 18:55:25', '2024-07-23 20:39:32'),
(149, 0x66653138316236342d343866382d313165662d62, 'KMBL6404', 'สื่อการเรียนรู้เกี่ยวกับผลิตภัณฑ์ EP.2 เรื่อง \" การกำหนดทุนประกันอัคคีภัยที่ควรรู้ \"', 2, 1, '2024-07-26 18:55:25', '2024-07-23 20:39:32'),
(150, 0x66653138343965342d343866382d313165662d62, 'KMBL6405', 'สื่อการเรียนรู้เกี่ยวกับผลิตภัณฑ์  Ep.1 เรื่อง \" การเลือกแบบประกันชีวิตคุ้มครองสินเชื่อที่ดีที่สุด \"', 2, 1, '2024-07-26 18:55:25', '2024-07-23 20:39:32'),
(151, 0x66653138373733322d343866382d313165662d62, 'HR6109', 'การพูดในที่สาธารณะ', 2, 1, '2024-07-26 18:55:25', '2024-07-23 20:39:32'),
(152, 0x66653138613433642d343866382d313165662d62, 'HR6212', 'Infographic เพื่อการสื่อสารอย่างมีประสิทธิภาพ', 2, 1, '2024-07-26 18:55:25', '2024-07-23 20:39:32'),
(153, 0x66653138643332382d343866382d313165662d62, 'HR6337', 'intelligent communication', 2, 1, '2024-07-26 18:55:25', '2024-07-23 20:39:32'),
(154, 0x66653139306365632d343866382d313165662d62, 'HR6353', 'หลักสูตรสมรรถนะประจำตำแหน่งงาน (FUNCTIONAL COMPETENCY) ธนาคารออมสิน เรื่อง Socialize Skills สื่อสารและสร้างสัมพันธ์ (สำหรับพนักงานปฏิบัติการ)', 2, 1, '2024-07-26 18:55:25', '2024-07-23 20:39:32'),
(155, 0x66653139346462372d343866382d313165662d62, 'HR6354', 'หลักสูตรสมรรถนะประจำตำแหน่งงาน (FUNCTIONAL COMPETENCY) ธนาคารออมสิน เรื่อง Socialize Skills สื่อสารและสร้างสัมพันธ์ (สำหรับผู้บริหารระดับต้น-กลาง)', 2, 1, '2024-07-26 18:55:25', '2024-07-23 20:39:32'),
(156, 0x66653139383037372d343866382d313165662d62, 'HR6355', 'หลักสูตรสมรรถนะประจำตำแหน่งงาน (FUNCTIONAL COMPETENCY) ธนาคารออมสิน เรื่อง Socialize Skills สื่อสารและสร้างสัมพันธ์ (สำหรับผู้บริหารระดับสูง)', 2, 1, '2024-07-26 18:55:25', '2024-07-23 20:39:32'),
(157, 0x66653139643464342d343866382d313165662d62, 'HR6389', 'พื้นฐานภาษาอังกฤษ สำหรับชาวออมสิน', 2, 1, '2024-07-26 18:55:25', '2024-07-23 20:39:32'),
(158, 0x66653161303265362d343866382d313165662d62, 'HR6390', 'ภาษาอังกฤษสำหรับการบริการ', 2, 1, '2024-07-26 18:55:25', '2024-07-23 20:39:32'),
(159, 0x66653161333030662d343866382d313165662d62, 'HR6391', 'การสนทนาภาษาอังกฤษกับลูกค้า', 2, 1, '2024-07-26 18:55:25', '2024-07-23 20:39:32'),
(160, 0x66653161356562312d343866382d313165662d62, 'HR6392', 'ภาษาอังกฤษสำหรับการประชุม', 2, 1, '2024-07-26 18:55:25', '2024-07-23 20:39:32'),
(161, 0x66653161393266382d343866382d313165662d62, 'HR6393', 'ภาษาอังกฤษสำหรับการนำเสนองาน', 2, 1, '2024-07-26 18:55:25', '2024-07-23 20:39:32'),
(162, 0x66653161633239622d343866382d313165662d62, 'HR6394', 'ภาษาอังกฤษสำหรับการเขียนอีเมล', 2, 1, '2024-07-26 18:55:25', '2024-07-23 20:39:32'),
(163, 0x66653161663165642d343866382d313165662d62, 'IT6406', 'การสื่อสารข้อมูลให้เห็นภาพ', 2, 1, '2024-07-26 18:55:25', '2024-07-23 20:39:32'),
(164, 0x66653162323137362d343866382d313165662d62, 'IT6407', 'การสื่อสารอย่างสร้างสรรค์', 2, 1, '2024-07-26 18:55:25', '2024-07-23 20:39:32'),
(165, 0x66653162353637652d343866382d313165662d62, 'IT6438', 'ความรู้ ความเข้าใจ MS 365 เบื้องต้น', 2, 1, '2024-07-26 18:55:25', '2024-07-23 20:39:32'),
(166, 0x66653162383639322d343866382d313165662d62, 'IT6543', 'ความรู้พื้นฐาน MS365 และการใช้งาน MS365 เพื่อสนับสนุนการปฏิบัติงานในรูปแบบออนไลน์', 2, 1, '2024-07-26 18:55:25', '2024-07-23 20:39:32'),
(167, 0x66653162626337352d343866382d313165662d62, 'IT6551', 'Advance Microsoft 365 for sharing', 2, 1, '2024-07-26 18:55:25', '2024-07-23 20:39:32'),
(168, 0x66653162663037612d343866382d313165662d62, 'HR6607', 'สื่อสาร ฉับไว เข้าใจ รวดเร็ว', 2, 1, '2024-07-26 18:55:25', '2024-07-23 20:39:32'),
(169, 0x66653163323235312d343866382d313165662d62, 'IT6630', 'Microsoft 365 for Advanced Business Process (สำหรับผู้บริหาร)', 2, 1, '2024-07-26 18:55:25', '2024-07-23 20:39:32'),
(170, 0x66653163373638612d343866382d313165662d62, 'KMCR6404', 'วิดีโอแนะนำวิธีปฏิบัติงานเกี่ยวกับการคุ้มครองข้อมูลส่วนบุคคลและระบบงานป้องกันการฟอกเงิน (AMLS) เวอร์ชันใหม่', 2, 1, '2024-07-26 18:55:25', '2024-07-23 20:39:32'),
(171, 0x66653163613232662d343866382d313165662d62, 'KMCR6405', 'Data Governance : ระเบียบธนาคารออมสินฉบับที่ 710 ว่าด้วยนโยบายการกำกับดูแลข้อมูล (Data Governance Policy)', 2, 1, '2024-07-26 18:55:25', '2024-07-23 20:39:32'),
(172, 0x66653163636634642d343866382d313165662d62, 'HR6206', 'วินัยพนักงาน', 2, 1, '2024-07-26 18:55:25', '2024-07-23 20:39:32'),
(173, 0x66653163666333312d343866382d313165662d62, 'CR6410', 'เครื่องมือการบริหารความเสี่ยงด้านปฏิบัติการ', 2, 1, '2024-07-26 18:55:25', '2024-07-23 20:39:32'),
(174, 0x66653164323736642d343866382d313165662d62, 'CR6558', 'การบริหารความเสี่ยงองค์กร (Enterprise Risk Management : ERM)', 2, 1, '2024-07-26 18:55:25', '2024-07-23 20:39:32'),
(175, 0x66653164353437662d343866382d313165662d62, 'KMCR6604', 'VDO : การบรรยายในหัวข้อ \"ประเด็นความเสี่ยงที่สำคัญ ปี 2566-2567 และนโยบายความเสี่ยง\"', 2, 1, '2024-07-26 18:55:25', '2024-07-23 20:39:32'),
(176, 0x66653164383139612d343866382d313165662d62, 'KMCR6614', 'VDO : อบรมให้ความรู้ COMPOSITE RATING & RISK CULTURE โดย คุณกิตติ ศิริตันหยง', 2, 1, '2024-07-26 18:55:25', '2024-07-23 20:39:32'),
(177, 0x66653164616666342d343866382d313165662d62, 'HR6356', 'หลักสูตรสมรรถนะประจำตำแหน่งงาน (FUNCTIONAL COMPETENCY) ธนาคารออมสินเรื่อง Internal Consultative การเป็นที่ปรึกษาภายใน (สำหรับพนักงานปฏิบัติการ)', 2, 1, '2024-07-26 18:55:25', '2024-07-23 20:39:32'),
(178, 0x66653164646464332d343866382d313165662d62, 'HR6357', 'หลักสูตรสมรรถนะประจำตำแหน่งงาน (FUNCTIONAL COMPETENCY) ธนาคารออมสิน เรื่อง Internal Consultative การเป็นที่ปรึกษาภายใน (สำหรับผู้บริหารระดับต้น-กลาง)', 2, 1, '2024-07-26 18:55:25', '2024-07-23 20:39:32'),
(179, 0x66653165306166392d343866382d313165662d62, 'HR6358', 'หลักสูตรสมรรถนะประจำตำแหน่งงาน (FUNCTIONAL COMPETENCY) ธนาคารออมสิน เรื่อง Internal Consultative การเป็นที่ปรึกษาภายใน (สำหรับผู้บริหารระดับสูง)', 2, 1, '2024-07-26 18:55:25', '2024-07-23 20:39:32'),
(180, 0x66653165363132382d343866382d313165662d62, 'BL6231', 'หลักการวิเคราะห์เครดิต : ภาพรวมธุรกิจสินเชื่อและการวิเคราะห์เครดิต', 2, 1, '2024-07-26 18:55:25', '2024-07-23 20:39:32'),
(181, 0x66653165393236662d343866382d313165662d62, 'BL6232', 'หลักการวิเคราะห์เครดิต : นโยบายเครดิต', 2, 1, '2024-07-26 18:55:25', '2024-07-23 20:39:32'),
(182, 0x66653165626561622d343866382d313165662d62, 'BL6233', 'หลักการวิเคราะห์เครดิต : กระบวนการและเทคนิคการให้สินเชื่อ', 2, 1, '2024-07-26 18:55:25', '2024-07-23 20:39:32'),
(183, 0x66653165656337662d343866382d313165662d62, 'BL6234', 'หลักการวิเคราะห์เครดิต : หลักการวิเคราะห์สินเชื่อ', 2, 1, '2024-07-26 18:55:25', '2024-07-23 20:39:32'),
(184, 0x66653166313961382d343866382d313165662d62, 'BL6235', 'หลักการวิเคราะห์เครดิต : หลักการสอบทานสินเชื่อ', 2, 1, '2024-07-26 18:55:25', '2024-07-23 20:39:32'),
(185, 0x66653166343538362d343866382d313165662d62, 'BL6236', 'หลักการวิเคราะห์เครดิต : การแก้ไขหนี้', 2, 1, '2024-07-26 18:55:25', '2024-07-23 20:39:32'),
(186, 0x66653166373266342d343866382d313165662d62, 'KMCR6606', 'VDO การอบรมหลักสูตร “การวิเคราะห์สินเชื่อธุรกิจ SMEs  และข้อพึงระวัง”ะหน่วยลงทุน', 2, 1, '2024-07-26 18:55:25', '2024-07-23 20:39:32'),
(187, 0x66653166613035362d343866382d313165662d62, 'KMBL6407', 'KM Forum : ถอดสูตรความคิดพิชิตเป้าสินเชื่อ \" เทคนิควิเคราะห์สินเชื่อแบบ Fast Start \"', 2, 1, '2024-07-26 18:55:25', '2024-07-23 20:39:32'),
(188, 0x66653166636239662d343866382d313165662d62, 'CR5814', 'กระบวนการและเครื่องมือบริหารความเสี่ยงในการพิจารณาสินเชื่อ', 2, 1, '2024-07-26 18:55:25', '2024-07-23 20:39:32'),
(189, 0x66653230303630302d343866382d313165662d62, 'CR6224', 'Derivatives', 2, 1, '2024-07-26 18:55:25', '2024-07-23 20:39:32'),
(190, 0x66653230343331342d343866382d313165662d62, 'BL6249', 'การบริหารความเสี่ยงทางเครดิต : Credit Decision & Risk', 2, 1, '2024-07-26 18:55:25', '2024-07-23 20:39:32'),
(191, 0x66653230663232652d343866382d313165662d62, 'BL6250', 'การบริหารความเสี่ยงทางเครดิต : Risk & Uncertainty', 2, 1, '2024-07-26 18:55:25', '2024-07-23 20:39:32'),
(192, 0x66653231326562642d343866382d313165662d62, 'BL6251', 'การบริหารความเสี่ยงทางเครดิต : ประเภทต่างๆ ของความเสี่ยง', 2, 1, '2024-07-26 18:55:25', '2024-07-23 20:39:32'),
(193, 0x66653231366263352d343866382d313165662d62, 'BL6252', 'การบริหารความเสี่ยงทางเครดิต : Risk Diversification', 2, 1, '2024-07-26 18:55:25', '2024-07-23 20:39:32'),
(194, 0x66653231396234662d343866382d313165662d62, 'BL6253', 'การบริหารความเสี่ยงทางเครดิต : Risk-Return Tradeoff', 2, 1, '2024-07-26 18:55:25', '2024-07-23 20:39:32'),
(195, 0x66653231636366332d343866382d313165662d62, 'BL6254', 'การบริหารความเสี่ยงทางเครดิต : EL (Expected Loss) Model', 2, 1, '2024-07-26 18:55:25', '2024-07-23 20:39:32'),
(196, 0x66653231666339332d343866382d313165662d62, 'BL6255', 'การบริหารความเสี่ยงทางเครดิต : RAROC', 2, 1, '2024-07-26 18:55:25', '2024-07-23 20:39:32'),
(197, 0x66653232333039392d343866382d313165662d62, 'BL6256', 'การบริหารความเสี่ยงทางเครดิต : ความเสี่ยงของลูกค้าผู้ขอกู้', 2, 1, '2024-07-26 18:55:25', '2024-07-23 20:39:32'),
(198, 0x66653232363833322d343866382d313165662d62, 'BL6257', 'การบริหารความเสี่ยงทางเครดิต : Customer Specific Risks', 2, 1, '2024-07-26 18:55:25', '2024-07-23 20:39:32'),
(199, 0x66653232613035352d343866382d313165662d62, 'BL6258', 'การบริหารความเสี่ยงทางเครดิต : Industry Risk', 2, 1, '2024-07-26 18:55:25', '2024-07-23 20:39:32'),
(200, 0x66653232643535382d343866382d313165662d62, 'BL6259', 'การบริหารความเสี่ยงทางเครดิต : Risk Protection & Mitigation', 2, 1, '2024-07-26 18:55:25', '2024-07-23 20:39:32'),
(201, 0x66653233306435652d343866382d313165662d62, 'BL6260', 'การบริหารความเสี่ยงทางเครดิต : Credit Risk Management in Thailand', 2, 1, '2024-07-26 18:55:25', '2024-07-23 20:39:32'),
(202, 0x66653233373634612d343866382d313165662d62, 'IT6205', '4D For Transformation', 2, 1, '2024-07-26 18:55:25', '2024-07-23 20:39:32'),
(203, 0x66653233616164662d343866382d313165662d62, 'HR6350', 'หลักสูตรสมรรถนะประจำตำแหน่งงาน (FUNCTIONAL COMPETENCY) ธนาคารออมสิน เรื่อง Creative & Design Thinking การคิดและออกแบบที่สร้างสรรค์อย่างเข้าใจลูกค้า  (สำหรับพนักงานปฏิบัติการ)', 2, 1, '2024-07-26 18:55:25', '2024-07-23 20:39:32'),
(204, 0x66653233643862392d343866382d313165662d62, 'HR6351', 'หลักสูตรสมรรถนะประจำตำแหน่งงาน (FUNCTIONAL COMPETENCY) ธนาคารออมสิน เรื่อง Creative & Design Thinking การคิดและออกแบบที่สร้างสรรค์อย่างเข้าใจลูกค้า  (สำหรับผู้บริหารระดับต้น-กลาง)', 2, 1, '2024-07-26 18:55:25', '2024-07-23 20:39:32'),
(205, 0x66653234303737372d343866382d313165662d62, 'HR6352', 'หลักสูตรสมรรถนะประจำตำแหน่งงาน (FUNCTIONAL COMPETENCY) ธนาคารออมสิน เรื่อง Creative & Design Thinking การคิดและออกแบบที่สร้างสรรค์อย่างเข้าใจลูกค้า  (สำหรับผู้บริหารระดับสูง) HR6534 คิด เข้าใจ แก้ไข และพัฒนา', 2, 1, '2024-07-26 18:55:25', '2024-07-23 20:39:32'),
(206, 0x66653234333330332d343866382d313165662d62, 'HR6535', 'ต่อยอด ใช้ได้จริง', 2, 1, '2024-07-26 18:55:25', '2024-07-23 20:39:32'),
(207, 0x66653234363038662d343866382d313165662d62, 'IT6625', 'ความมั่นคงปลอดภัยไซเบอร์', 2, 1, '2024-07-26 18:55:25', '2024-07-23 20:39:32'),
(208, 0x66653234386162662d343866382d313165662d62, 'IT6408', 'การเข้าใจปัญหาและแปลงปัญหาที่ได้ให้อยู่ในรูปโจทย์การวิเคราะห์ข้อมูล', 2, 1, '2024-07-26 18:55:25', '2024-07-23 20:39:32'),
(209, 0x66653234626166612d343866382d313165662d62, 'IT6506', 'Data Essentials', 2, 1, '2024-07-26 18:55:25', '2024-07-23 20:39:32'),
(210, 0x66653234653738302d343866382d313165662d62, 'IT6507', 'Data Analytics & Data Tools', 2, 1, '2024-07-26 18:55:25', '2024-07-23 20:39:32'),
(211, 0x66653235313763352d343866382d313165662d62, 'IT6434', 'การบริหารจัดการข้อมูลเบื้องต้น', 2, 1, '2024-07-26 18:55:25', '2024-07-23 20:39:32'),
(212, 0x66653235343333652d343866382d313165662d62, 'IT6505', 'Digital Information', 2, 1, '2024-07-26 18:55:25', '2024-07-23 20:39:32'),
(213, 0x66653235393563392d343866382d313165662d62, 'IT6508', 'Data Visualization', 2, 1, '2024-07-26 18:55:25', '2024-07-23 20:39:32'),
(214, 0x66653235643264662d343866382d313165662d62, 'IT6510', 'Data-driven Decision Making', 2, 1, '2024-07-26 18:55:25', '2024-07-23 20:39:32'),
(215, 0x66653236303066662d343866382d313165662d62, 'IT6511', 'Data Skill for Business', 2, 1, '2024-07-26 18:55:25', '2024-07-23 20:39:32'),
(216, 0x66653236333666632d343866382d313165662d62, 'SC6541', 'Data Driven Organization (Case Study)', 2, 1, '2024-07-26 18:55:25', '2024-07-23 20:39:32'),
(217, 0x66653236363435652d343866382d313165662d62, 'IT6556', 'การกำกับดูแลข้อมูล (Data Governance)', 2, 1, '2024-07-26 18:55:25', '2024-07-23 20:39:32'),
(218, 0x66653236393336372d343866382d313165662d62, 'HR6611', 'ข้อมูลเยอะจัง ทำยังไงดี', 2, 1, '2024-07-26 18:55:25', '2024-07-23 20:39:32'),
(219, 0x66653236633136392d343866382d313165662d62, 'KMIT6406', 'VDO : หลักสูตร การบริหารจัดการข้อมูล ความรู้สู่นวัตกรรม โดย ผศ.ดร.นพพร เรืองวานิช', 2, 1, '2024-07-26 18:55:25', '2024-07-23 20:39:32'),
(220, 0x66653236663033312d343866382d313165662d62, 'KMIT6602', 'การบริหารจัดการวงจรชีวิตข้อมูล DATA GOVERNANCE', 2, 1, '2024-07-26 18:55:25', '2024-07-23 20:39:32'),
(221, 0x66653237323032362d343866382d313165662d62, 'CR6314', 'การพัฒนาทักษะและเสริมสร้างความรู้ในการบริหารจัดการหนี้', 2, 1, '2024-07-26 18:55:25', '2024-07-23 20:39:32'),
(222, 0x66653237353035322d343866382d313165662d62, 'CR6329', 'การปฏิบัติงานสินเชื่อและการปรับปรุงโครงสร้างหนี้', 2, 1, '2024-07-26 18:55:25', '2024-07-23 20:39:32'),
(223, 0x66653237376461312d343866382d313165662d62, 'CR6523', 'การปรับปรุงโครงสร้างหนี้ (Debt Restructuring)', 2, 1, '2024-07-26 18:55:25', '2024-07-23 20:39:32'),
(224, 0x66653237616134652d343866382d313165662d62, 'KMCR6408', 'องค์ความรู้เรื่องการควบคุมภายในด้านการปฏิบัติงานสาขา \" ด้านการบริหารหนี้ค้างชำระ \"', 2, 1, '2024-07-26 18:55:25', '2024-07-23 20:39:32'),
(225, 0x66653237643633362d343866382d313165662d62, 'IT6334', 'RESHAPING THE FUTURE OF WORK DIGITAL MINDSET', 2, 1, '2024-07-26 18:55:25', '2024-07-23 20:39:32'),
(226, 0x66653238326566332d343866382d313165662d62, 'HR6374', 'หลักสูตรสมรรถนะประจำตำแหน่งงาน (FUNCTIONAL COMPETENCY) ธนาคารออมสิน เรื่อง Digital Business Acumen ความเฉียบคมทางธุรกิจดิจิทัล (สำหรับพนักงานปฏิบัติการ)', 2, 1, '2024-07-26 18:55:25', '2024-07-23 20:39:32'),
(227, 0x66653238363262622d343866382d313165662d62, 'HR6375', 'หลักสูตรสมรรถนะประจำตำแหน่งงาน (FUNCTIONAL COMPETENCY) ธนาคารออมสิน เรื่อง Digital Business Acumen ความเฉียบคมทางธุรกิจดิจิทัล (สำหรับผู้บริหารระดับต้น-กลาง)', 2, 1, '2024-07-26 18:55:25', '2024-07-23 20:39:32'),
(228, 0x66653238393136382d343866382d313165662d62, 'HR6376', 'หลักสูตรสมรรถนะประจำตำแหน่งงาน (FUNCTIONAL COMPETENCY) ธนาคารออมสิน เรื่อง Digital Business Acumen ความเฉียบคมทางธุรกิจดิจิทัล (สำหรับผู้บริหารระดับสูง)', 2, 1, '2024-07-26 18:55:25', '2024-07-23 20:39:32'),
(229, 0x66653238633131342d343866382d313165662d62, 'IT6409', 'ความเข้าใจและทักษะทางด้านดิจิทัล (Digital Literacy)', 2, 1, '2024-07-26 18:55:25', '2024-07-23 20:39:32'),
(230, 0x66653238663062322d343866382d313165662d62, 'IT6540', 'Digital Literacy (Case Study)', 2, 1, '2024-07-26 18:55:25', '2024-07-23 20:39:32'),
(231, 0x66653239316663312d343866382d313165662d62, 'KMIT6402', 'VDO : แนะนำ Microsoft 365 เพื่อใช้ในการทำงานให้มีประสิทธิภาพ', 2, 1, '2024-07-26 18:55:25', '2024-07-23 20:39:32'),
(232, 0x66653239346264362d343866382d313165662d62, 'KMIT6405', 'ขั้นตอนการเข้าใช้งาน Microsoft 365 ในครั้งแรก และ  แนะนำการใช้งาน Microsoft 365 เพื่อใช้ในการทำงานให้มีประสิทธิภาพ', 2, 1, '2024-07-26 18:55:25', '2024-07-23 20:39:32'),
(233, 0x66653239376137362d343866382d313165662d62, 'KMIT6601', 'หลักสูตรการพัฒนากระบวนการทำงานด้วย Power Platform Training (Basic Training) และTablea โดยวิทยากรจาก Microsoft (ประเทศไทย)', 2, 1, '2024-07-26 18:55:25', '2024-07-23 20:39:32'),
(234, 0x66653239613761322d343866382d313165662d62, 'T65002', 'คู่มือการใช้งานระบบเทคโนโลยีสารสนเทศ ระบบ GSB Wisdom สำหรับผู้ใช้งาน', 2, 1, '2024-07-26 18:55:25', '2024-07-23 20:39:32'),
(235, 0x66653261303135342d343866382d313165662d62, 'IT6631', 'Microsoft 365 for Advanced Business Process (สำหรับผู้ปฏิบัติงาน)', 2, 1, '2024-07-26 18:55:25', '2024-07-23 20:39:32'),
(236, 0x66653261326264372d343866382d313165662d62, 'IT6637', 'การพัฒนากระบวนการทำงานด้วย Power Platform Training (Basic Training)', 2, 1, '2024-07-26 18:55:25', '2024-07-23 20:39:32'),
(237, 0x66653261353939322d343866382d313165662d62, 'IT6638', 'การพัฒนากระบวนการทำงานด้วย Tableau', 2, 1, '2024-07-26 18:55:25', '2024-07-23 20:39:32'),
(238, 0x66653261383730642d343866382d313165662d62, 'HR6368', 'หลักสูตรสมรรถนะประจำตำแหน่งงาน (FUNCTIONAL COMPETENCY) ธนาคารออมสิน เรื่อง CRM Tech บริหารฐานลูกค้าด้วยข้อมูลและเทคโนโลยี (สำหรับพนักงานปฏิบัติการ)', 2, 1, '2024-07-26 18:55:25', '2024-07-23 20:39:32'),
(239, 0x66653261623565662d343866382d313165662d62, 'HR6369', 'หลักสูตรสมรรถนะประจำตำแหน่งงาน (FUNCTIONAL COMPETENCY) ธนาคารออมสิน เรื่อง CRM Tech บริหารฐานลูกค้าด้วยข้อมูลและเทคโนโลยี (สำหรับผู้บริหารระดับต้น-กลาง)', 2, 1, '2024-07-26 18:55:25', '2024-07-23 20:39:32'),
(240, 0x66653261663137662d343866382d313165662d62, 'HR6370', 'หลักสูตรสมรรถนะประจำตำแหน่งงาน (FUNCTIONAL COMPETENCY) ธนาคารออมสิน เรื่อง CRM Tech บริหารฐานลูกค้าด้วยข้อมูลและเทคโนโลยี (สำหรับผู้บริหารระดับสูง)', 2, 1, '2024-07-26 18:55:25', '2024-07-23 20:39:32'),
(241, 0x66653262323932622d343866382d313165662d62, 'IT6402', 'นวัตกรรมเชิงดิจิทัลและโอกาสการพัฒนาธุรกิจใหม่', 2, 1, '2024-07-26 18:55:25', '2024-07-23 20:39:32'),
(242, 0x66653262353862312d343866382d313165662d62, 'IT6403', 'การดึงศักยภาพด้านเทคโนโลยีและเครื่องมือทางดิจิทัลเพื่อรูปแบบธุรกิจใหม่', 2, 1, '2024-07-26 18:55:25', '2024-07-23 20:39:32'),
(243, 0x66653262383635652d343866382d313165662d62, 'IT6529', 'Digital Mindset', 2, 1, '2024-07-26 18:55:25', '2024-07-23 20:39:32'),
(244, 0x66653262623364312d343866382d313165662d62, 'HR6362', 'หลักสูตรสมรรถนะประจำตำแหน่งงาน (FUNCTIONAL COMPETENCY) ธนาคารออมสิน เรื่อง Financial Advisory ที่ปรึกษาทางการเงิน (สำหรับพนักงานปฏิบัติการ)', 2, 1, '2024-07-26 18:55:25', '2024-07-23 20:39:32'),
(245, 0x66653263303932372d343866382d313165662d62, 'HR6363', 'หลักสูตรสมรรถนะประจำตำแหน่งงาน (FUNCTIONAL COMPETENCY) ธนาคารออมสิน เรื่อง Financial Advisory ที่ปรึกษาทางการเงิน (สำหรับผู้บริหารระดับต้น-กลาง)', 2, 1, '2024-07-26 18:55:25', '2024-07-23 20:39:32'),
(246, 0x66653263336262302d343866382d313165662d62, 'HR6364', 'หลักสูตรสมรรถนะประจำตำแหน่งงาน (FUNCTIONAL COMPETENCY) ธนาคารออมสิน เรื่อง Financial Advisory ที่ปรึกษาทางการเงิน (สำหรับผู้บริหารระดับสูง)', 2, 1, '2024-07-26 18:55:25', '2024-07-23 20:39:32'),
(247, 0x66653263363938612d343866382d313165662d62, 'AC6422', 'การให้ความรู้ทางการเงิน', 2, 1, '2024-07-26 18:55:25', '2024-07-23 20:39:32'),
(248, 0x66653263393631392d343866382d313165662d62, 'BL6237', 'เทคนิคการวิเคราะห์งบการเงิน : Credit Decisions & Financial Statement Analysis', 2, 1, '2024-07-26 18:55:25', '2024-07-23 20:39:32'),
(249, 0x66653263633536372d343866382d313165662d62, 'BL6238', 'เทคนิคการวิเคราะห์งบการเงิน : Types of Financial Statement', 2, 1, '2024-07-26 18:55:25', '2024-07-23 20:39:32'),
(250, 0x66653263663339632d343866382d313165662d62, 'BL6239', 'เทคนิคการวิเคราะห์งบการเงิน : Balance Sheet', 2, 1, '2024-07-26 18:55:25', '2024-07-23 20:39:32'),
(251, 0x66653264323537612d343866382d313165662d62, 'BL6240', 'เทคนิคการวิเคราะห์งบการเงิน : Profit & Loss Statement', 2, 1, '2024-07-26 18:55:25', '2024-07-23 20:39:32'),
(252, 0x66653264353733662d343866382d313165662d62, 'BL6241', 'เทคนิคการวิเคราะห์งบการเงิน : Analytical Techniques', 2, 1, '2024-07-26 18:55:25', '2024-07-23 20:39:32'),
(253, 0x66653264393532662d343866382d313165662d62, 'BL6242', 'เทคนิคการวิเคราะห์งบการเงิน : Financial Ratio Analysis', 2, 1, '2024-07-26 18:55:25', '2024-07-23 20:39:32'),
(254, 0x66653264633664352d343866382d313165662d62, 'BL6243', 'เทคนิคการวิเคราะห์งบการเงิน : Financial Ratio Analytical Approac', 2, 1, '2024-07-26 18:55:25', '2024-07-23 20:39:32'),
(255, 0x66653264666334632d343866382d313165662d62, 'BL6244', 'เทคนิคการวิเคราะห์งบการเงิน : เทคนิคที่สำคัญในการวิเคราะห์งบ', 2, 1, '2024-07-26 18:55:25', '2024-07-23 20:39:32'),
(256, 0x66653265353861642d343866382d313165662d62, 'BL6245', 'เทคนิคการวิเคราะห์งบการเงิน : Ratio Analysis Limitation', 2, 1, '2024-07-26 18:55:25', '2024-07-23 20:39:32'),
(257, 0x66653265383836612d343866382d313165662d62, 'BL6246', 'เทคนิคการวิเคราะห์งบการเงิน : Applications', 2, 1, '2024-07-26 18:55:25', '2024-07-23 20:39:32'),
(258, 0x66653265626239352d343866382d313165662d62, 'BL6247', 'เทคนิคการวิเคราะห์งบการเงิน : การวิเคราะห์งบการเงินสำหรับธุรกิจ SMEs', 2, 1, '2024-07-26 18:55:25', '2024-07-23 20:39:32'),
(259, 0x66653266333131632d343866382d313165662d62, 'BL6248', 'เทคนิคการวิเคราะห์งบการเงิน : การสร้างงบการเงินจำลองเพื่อการตัดสินใจ', 2, 1, '2024-07-26 18:55:25', '2024-07-23 20:39:32'),
(260, 0x66653266356661362d343866382d313165662d62, 'CR6219', 'Financial Advisor and Market Regulation', 2, 1, '2024-07-26 18:55:25', '2024-07-23 20:39:32'),
(261, 0x66653266393232382d343866382d313165662d62, 'AC6549', 'การให้ความรู้แก่ตัวแทนขายหน่วยลงทุนในการใช้เครื่องมือบริหารความเสี่ยงสภาพคล่อง (liquidity management tools) ของกองทุนรวม', 2, 1, '2024-07-26 18:55:25', '2024-07-23 20:39:32'),
(262, 0x66653266633064352d343866382d313165662d62, 'KMCR6607', 'วิดีโอการแนะนำตัวและแสดงใบอนุญาตประกันชีวิต ประกันวินาศภัย และหน่วยลงทุนก่อนเสนอขายผลิตภัณฑ์', 2, 1, '2024-07-26 18:55:25', '2024-07-23 20:39:32'),
(263, 0x66653266663565362d343866382d313165662d62, 'CR6220', 'Equity valuation', 2, 1, '2024-07-26 18:55:25', '2024-07-23 20:39:32'),
(264, 0x66653330323531312d343866382d313165662d62, 'CR6223', 'Alternative Investment', 2, 1, '2024-07-26 18:55:25', '2024-07-23 20:39:32'),
(265, 0x66653330353638632d343866382d313165662d62, 'CR6221', 'Bond Valuation', 2, 1, '2024-07-26 18:55:25', '2024-07-23 20:39:32'),
(266, 0x66653330383631302d343866382d313165662d62, 'HR5901', 'การจัดการทรัพยากรบุคคลสำหรับบุคคลภายนอกสายงาน', 2, 1, '2024-07-26 18:55:25', '2024-07-23 20:39:32'),
(267, 0x66653330646461612d343866382d313165662d62, 'HR6341', 'Management by Objectives', 2, 1, '2024-07-26 18:55:25', '2024-07-23 20:39:32'),
(268, 0x66653331313562362d343866382d313165662d62, 'IT5701', 'นโยบายความมั่นคงปลอดภัยสารสนเทศ', 2, 1, '2024-07-26 18:55:25', '2024-07-23 20:39:32'),
(269, 0x66653331353462322d343866382d313165662d62, 'IT6501', 'การจัดชั้นสารสนเทศ และแนวทางการปกป้องข้อมูล', 2, 1, '2024-07-26 18:55:25', '2024-07-23 20:39:32'),
(270, 0x66653331383661392d343866382d313165662d62, 'HR6380', 'หลักสูตรสมรรถนะประจำตำแหน่งงาน (FUNCTIONAL COMPETENCY) ธนาคารออมสินเรื่อง Risk Management การบริหารจัดการความเสี่ยง (สำหรับพนักงานปฏิบัติการ)', 2, 1, '2024-07-26 18:55:25', '2024-07-23 20:39:32'),
(271, 0x66653331623734612d343866382d313165662d62, 'HR6381', 'หลักสูตรสมรรถนะประจำตำแหน่งงาน (FUNCTIONAL COMPETENCY) ธนาคารออมสินเรื่อง Risk Management การบริหารจัดการความเสี่ยง (สำหรับผู้บริหารระดับต้น-กลาง)', 2, 1, '2024-07-26 18:55:25', '2024-07-23 20:39:32'),
(272, 0x66653331656133372d343866382d313165662d62, 'HR6382', 'หลักสูตรสมรรถนะประจำตำแหน่งงาน (FUNCTIONAL COMPETENCY) ธนาคารออมสิน เรื่อง Risk Management การบริหารจัดการความเสี่ยง (สำหรับผู้บริหารระดับสูง)', 2, 1, '2024-07-26 18:55:25', '2024-07-23 20:39:32'),
(273, 0x66653332313834642d343866382d313165662d62, 'CR6522', 'กฏหมายและการติดตามหนี้ (Debt collection : Laws & Regulation)', 2, 1, '2024-07-26 18:55:25', '2024-07-23 20:39:32'),
(274, 0x66653332343761382d343866382d313165662d62, 'OC6544', 'ส. รากฐานแห่งการพัฒนาระบบคุณภาพ', 2, 1, '2024-07-26 18:55:25', '2024-07-23 20:39:32'),
(275, 0x66653332373966662d343866382d313165662d62, 'CR6201', 'กฎหมายว่าด้วยการป้องกันและปราบปราม (AML/CFT/CPF) สำหรับบุคลากรส่วนกลาง', 2, 1, '2024-07-26 18:55:25', '2024-07-23 20:39:32'),
(276, 0x66653332616464352d343866382d313165662d62, 'CR6203', 'กฎหมายว่าด้วยการป้องกันและปราบปราม (AML/CFT/CPF) สำหรับบุคลากรสายงานกิจการสาขา', 2, 1, '2024-07-26 18:55:25', '2024-07-23 20:39:32'),
(277, 0x66653333313062622d343866382d313165662d62, 'CR6207', 'การปฏิบัติงานตาม พ.ร.บ.ข้อมูลข่าวสารของราชการ พ.ศ. 2540', 2, 1, '2024-07-26 18:55:25', '2024-07-23 20:39:32'),
(278, 0x66653333343033382d343866382d313165662d62, 'CR6214', 'Banking Structure and Regulation CR6304 พ.ร.บ. คุ้มครองข้อมูลส่วนบุคคล พ.ศ. 2562', 2, 1, '2024-07-26 18:55:25', '2024-07-23 20:39:32'),
(279, 0x66653333373262642d343866382d313165662d62, 'CR6330', 'กฎหมายว่าด้วยการป้องกันและปราบปราม (AML/CFT/CPF)', 2, 1, '2024-07-26 18:55:25', '2024-07-23 20:39:32'),
(280, 0x66653333613037302d343866382d313165662d62, 'CR6418', 'การเตรียมความพร้อมในการคุ้มครองข้อมูลส่วนบุคคลของธนาคารออมสิน', 2, 1, '2024-07-26 18:55:25', '2024-07-23 20:39:32'),
(281, 0x66653333646630632d343866382d313165662d62, 'CR6420', 'การใช้ระบบงานป้องกันการฟอกเงิน (AMLS) เวอร์ชั่นใหม่', 2, 1, '2024-07-26 18:55:25', '2024-07-23 20:39:32'),
(282, 0x66653334313466362d343866382d313165662d62, 'CR6428', 'การป้องกันและปราบปรามการฟอกเงินและการป้องกันและปราบปรามการสนับสนุนทางการเงินแก่การก่อการร้าย และการแพร่ขยายอาวุธที่มีอานุภาพทำลายล้างสูง (AML/CFT/CPF)', 2, 1, '2024-07-26 18:55:25', '2024-07-23 20:39:32'),
(283, 0x66653334346134612d343866382d313165662d62, 'CR6546', 'Market Conduct', 2, 1, '2024-07-26 18:55:25', '2024-07-23 20:39:32'),
(284, 0x66653334373834632d343866382d313165662d62, 'CR6621', 'วิธีปฏิบัติงานเกี่ยวกับการคุ้มครองข้อมูลส่วนบุคคล สำหรับหน่วยงานส่วนกลาง', 2, 1, '2024-07-26 18:55:25', '2024-07-23 20:39:32');
INSERT INTO `subject` (`id`, `uuid`, `code`, `name`, `type`, `status`, `updated`, `created`) VALUES
(285, 0x66653334616136352d343866382d313165662d62, 'CR6622', 'วิธีปฏิบัติงานเกี่ยวกับการคุ้มครองข้อมูลส่วนบุคคล สำหรับสาขา และหน่วยงานที่มีชื่อเรียกเป็นอย่างอื่นที่ให้บริการลูกค้า', 2, 1, '2024-07-26 18:55:25', '2024-07-23 20:39:32'),
(286, 0x66653334643933352d343866382d313165662d62, 'IT6003', 'การกำกับดูแลด้านเทคโนโลยีสารสนเทศสำหรับผู้บริหาร', 2, 1, '2024-07-26 18:55:25', '2024-07-23 20:39:32'),
(287, 0x66653335343062322d343866382d313165662d62, 'IT6004', 'การกำกับดูแลด้านเทคโนโลยีสารสนเทศสำหรับพนักงาน (IT Governance)', 2, 1, '2024-07-26 18:55:25', '2024-07-23 20:39:32'),
(288, 0x66653335373838372d343866382d313165662d62, 'CR6218', 'เทคโนโลยีสารสนเทศเพื่อการตรวจสอบและควบคุม', 2, 1, '2024-07-26 18:55:25', '2024-07-23 20:39:32'),
(289, 0x66653335613664352d343866382d313165662d62, 'KMAC6424', 'EP.3 ออมสิน Talk About Talk ทุกเรื่องที่อยากให้คุณรู้  เรื่อง การขายสินค้ายุค Covid-19 “Star Market”', 2, 1, '2024-07-26 18:55:25', '2024-07-23 20:39:32'),
(290, 0x66653335643337382d343866382d313165662d62, 'KMAC6425', 'EP.2 ออมสิน Talk About Talk ทุกเรื่องที่อยากให้คุณรู้ เรื่อง การตลาดออนไลน์ “Online Marketing”', 2, 1, '2024-07-26 18:55:25', '2024-07-23 20:39:32'),
(291, 0x66653335666666622d343866382d313165662d62, 'BL6604', 'เครื่องมือสำหรับผู้ประกอบการออนไลน์', 2, 1, '2024-07-26 18:55:25', '2024-07-23 20:39:32'),
(292, 0x66653336326434652d343866382d313165662d62, 'KMAC6418', 'EP.6 ออมสิน Talk About Talk ทุกเรื่องที่อยากให้คุณรู้ เรื่อง ช่องทางตลาดออนไลน์ “Online Marketing”', 2, 1, '2024-07-26 18:55:25', '2024-07-23 20:39:32'),
(293, 0x66653336356663662d343866382d313165662d62, 'IT6504', 'Digital Communication', 2, 1, '2024-07-26 18:55:25', '2024-07-23 20:39:32'),
(294, 0x66653336386434642d343866382d313165662d62, 'KMBL6408', 'KM Forum : ถอดสูตรความคิดพิชิตเป้าสินเชื่อ \" 5 กลยุทธ์ พิชิตสินเชื่อด้วยการตลาดที่ไม่ตลาด \"', 2, 1, '2024-07-26 18:55:25', '2024-07-23 20:39:32'),
(295, 0x66653336626466312d343866382d313165662d62, 'ST6412', 'กลยุทธ์การตลาดเพื่อนำเสนอความแตกต่างของสินค้าและบริการให้อยู่ในใจผู้บริโภค', 2, 1, '2024-07-26 18:55:25', '2024-07-23 20:39:32'),
(296, 0x66653336656230312d343866382d313165662d62, 'ST6415', 'กลยุทธ์การขายที่สามารถเข้าถึงตลาดเป้าหมาย', 2, 1, '2024-07-26 18:55:25', '2024-07-23 20:39:32'),
(297, 0x66653337323465332d343866382d313165662d62, 'KMAC6408', 'THE HAPPY TIPS : ตอนที่ 6 CASE STUDY กรณีปิดการขาย', 2, 1, '2024-07-26 18:55:25', '2024-07-23 20:39:32'),
(298, 0x66653337376637362d343866382d313165662d62, 'KMAC6409', 'THE HAPPY TIPS : ตอนที่ 5 CASE STUDY กรณีแนวทางการแก้ปัญหา', 2, 1, '2024-07-26 18:55:25', '2024-07-23 20:39:32'),
(299, 0x66653337626365322d343866382d313165662d62, 'KMAC6410', 'THE HAPPY TIPS : ตอนที่ 4 หลักการให้บริการลูกค้า', 2, 1, '2024-07-26 18:55:25', '2024-07-23 20:39:32'),
(300, 0x66653337663838362d343866382d313165662d62, 'KMAC6411', 'EP.10 ออมสิน Talk About Talk ทุกเรื่องที่อยากให้คุณรู้ เรื่อง Recheck ธุรกิจผ่าน Business Model Canvas (Part 4)', 2, 1, '2024-07-26 18:55:25', '2024-07-23 20:39:32'),
(301, 0x66653338326264362d343866382d313165662d62, 'KMAC6412', 'THE HAPPY TIPS : ตอนที่ 3 เทคนิคการขาย', 2, 1, '2024-07-26 18:55:25', '2024-07-23 20:39:32'),
(302, 0x66653338363135662d343866382d313165662d62, 'KMAC6413', 'EP.9 ออมสิน Talk About Talk ทุกเรื่องที่อยากให้คุณรู้ เรื่อง Recheck ธุรกิจผ่าน Business Model Canvas (Part 3)', 2, 1, '2024-07-26 18:55:25', '2024-07-23 20:39:32'),
(303, 0x66653338393636342d343866382d313165662d62, 'KMAC6415', 'EP.8 ออมสิน Talk About Talk ทุกเรื่องที่อยากให้คุณรู้ เรื่อง Recheck ธุรกิจผ่าน Business Model Canvas (Part 2)', 2, 1, '2024-07-26 18:55:25', '2024-07-23 20:39:32'),
(304, 0x66653338643731362d343866382d313165662d62, 'KMAC6417', 'EP.7 ออมสิน Talk About Talk ทุกเรื่องที่อยากให้คุณรู้ เรื่อง Recheck ธุรกิจผ่าน Business Model Canvas (Part 1)', 2, 1, '2024-07-26 18:55:25', '2024-07-23 20:39:32'),
(305, 0x66653339346264352d343866382d313165662d62, 'CR6215', 'ความเสี่ยงและการควบคุมภายใน', 2, 1, '2024-07-26 18:55:25', '2024-07-23 20:39:32'),
(306, 0x66653339383438632d343866382d313165662d62, 'TN6402', 'ต้านทุจริตศึกษา', 2, 1, '2024-07-26 18:55:25', '2024-07-23 20:39:32'),
(307, 0x66653339623837662d343866382d313165662d62, 'KMCR6605', 'VDO : อบรมให้ความรู้ เรือง \"รูปแบบภัยออนไลน์และการตรวจจับบัญชีม้า\"', 2, 1, '2024-07-26 18:55:25', '2024-07-23 20:39:32'),
(308, 0x66653339653861382d343866382d313165662d62, 'HR6230', 'GSB WAY', 2, 1, '2024-07-26 18:55:25', '2024-07-23 20:39:32'),
(309, 0x66653361316165382d343866382d313165662d62, 'QT6403', 'เติมเต็มสร้างคุณค่าสังคมไทย (Giving for the Greater Good)', 2, 1, '2024-07-26 18:55:25', '2024-07-23 20:39:32'),
(310, 0x66653361373734392d343866382d313165662d62, 'QT6404', 'คิดใหม่ก้าวไกลใฝ่สร้างสรรค์ (Seeking for the Possibilities)', 2, 1, '2024-07-26 18:55:25', '2024-07-23 20:39:32'),
(311, 0x66653361616263322d343866382d313165662d62, 'QT6405', 'มุ่งมั่นสานต่อเหนือขีดจำกัด ( Brave Beyond Boundaries )', 2, 1, '2024-07-26 18:55:25', '2024-07-23 20:39:32'),
(312, 0x66653361653430392d343866382d313165662d62, 'KMSC6603', 'VDO : การบรรยายในหัวข้อ \"บทบาทการเป็น ธนาคารเพื่อสังคม ของธนาคารออมสิน\" โดย คุณบุญรักษ์ อุดมอิทธิพงศ์', 2, 1, '2024-07-26 18:55:25', '2024-07-23 20:39:32'),
(313, 0x66653362313539382d343866382d313165662d62, 'CR6222', 'Portfolio investment', 2, 1, '2024-07-26 18:55:25', '2024-07-23 20:39:32'),
(314, 0x66653362346433652d343866382d313165662d62, 'HR6102', 'ทักษะการนำเสนอสู่ความสำเร็จ', 2, 1, '2024-07-26 18:55:25', '2024-07-23 20:39:32'),
(315, 0x66653362393062662d343866382d313165662d62, 'HR6606', 'พรีเซ็นต์แบบโปร ทำไงให้โดนใจ', 2, 1, '2024-07-26 18:55:25', '2024-07-23 20:39:32'),
(316, 0x66653362633834622d343866382d313165662d62, 'KMSP6404', 'EP.4 ออมสิน Talk About talk ทุกเรื่องที่อยากให้คุณรู้ เรื่อง การจัดซื้อจัดจ้างภาครัฐ \"THAI SME-GP\" (Part 1)', 2, 1, '2024-07-26 18:55:25', '2024-07-23 20:39:32'),
(317, 0x66653362666462352d343866382d313165662d62, 'KMAC6419', 'EP.5 ออมสิน Talk About Talk ทุกเรื่องที่อยากให้คุณรู้ เรื่อง การจัดซื้อจัดจ้างภาครัฐ \"THAI SME-GP\" (Part 2)', 2, 1, '2024-07-26 18:55:25', '2024-07-23 20:39:32'),
(318, 0x66653363363361362d343866382d313165662d62, 'BL6554', 'การวิเคราะห์ความเป็นไปได้ของโครงการ', 2, 1, '2024-07-26 18:55:25', '2024-07-23 20:39:32'),
(319, 0x66653363396530362d343866382d313165662d62, 'HR6377', 'หลักสูตรสมรรถนะประจำตำแหน่งงาน (FUNCTIONAL COMPETENCY) ธนาคารออมสิน เรื่อง Project Management การบริหารโครงการ (สำหรับพนักงานปฏิบัติการ)', 2, 1, '2024-07-26 18:55:25', '2024-07-23 20:39:32'),
(320, 0x66653363643438622d343866382d313165662d62, 'HR6378', 'หลักสูตรสมรรถนะประจำตำแหน่งงาน (FUNCTIONAL COMPETENCY) ธนาคารออมสิน เรื่อง Project Management การบริหารโครงการ (สำหรับผู้บริหารระดับต้น-กลาง)', 2, 1, '2024-07-26 18:55:25', '2024-07-23 20:39:32'),
(321, 0x66653364313233372d343866382d313165662d62, 'HR6379', 'หลักสูตรสมรรถนะประจำตำแหน่งงาน (FUNCTIONAL COMPETENCY) ธนาคารออมสิน เรื่อง Project Management การบริหารโครงการ (สำหรับผู้บริหารระดับสูง)', 2, 1, '2024-07-26 18:55:25', '2024-07-23 20:39:32'),
(322, 0x66653364343638302d343866382d313165662d62, 'KMIT6401', 'คู่มือวิธีปฏิบัติการบริหารโครงการด้านเทคโนโลยีสารสนเทศ', 2, 1, '2024-07-26 18:55:25', '2024-07-23 20:39:32'),
(323, 0x66653364383066332d343866382d313165662d62, 'KMCR6410', 'ความรู้เกี่ยวกับการป้องกันการทุจริตด้านผลิตภัณฑ์ธนาคารออมสิน', 2, 1, '2024-07-26 18:55:25', '2024-07-23 20:39:32'),
(324, 0x66653364663062652d343866382d313165662d62, 'BL6331', 'การตรวจสอบเอกสารประกอบการขอกู้ และการประเมินรายได้', 2, 1, '2024-07-26 18:55:25', '2024-07-23 20:39:32'),
(325, 0x66653365373830652d343866382d313165662d62, 'CR6217', 'Foundation of Statistics', 2, 1, '2024-07-26 18:55:25', '2024-07-23 20:39:32'),
(326, 0x66653365616362342d343866382d313165662d62, 'HR6387', 'Strategy Mindset', 2, 1, '2024-07-26 18:55:25', '2024-07-23 20:39:32'),
(327, 0x66653365653661362d343866382d313165662d62, 'ST6413', 'กลยุทธ์การสร้างสรรค์คุณค่าสินค้าและบริการของธุรกิจเพื่อมัดใจลูกค้าและเพิ่มยอดขาย', 2, 1, '2024-07-26 18:55:25', '2024-07-23 20:39:32'),
(328, 0x66653366316536302d343866382d313165662d62, 'KMSC6601', 'VDO : Future Skills Development Program หัวข้อ \"Bank Transformation\"', 2, 1, '2024-07-26 18:55:25', '2024-07-23 20:39:32'),
(329, 0x66653366363234362d343866382d313165662d62, 'ST6319', 'ระบบงาน Core Banking Systems : CBS (เงินฝาก)', 2, 1, '2024-07-26 18:55:25', '2024-07-23 20:39:32'),
(330, 0x66653366396163342d343866382d313165662d62, 'ST6320', 'ระบบงาน Core Banking System : CBS (สินเชื่อ)', 2, 1, '2024-07-26 18:55:25', '2024-07-23 20:39:32'),
(331, 0x66653366663238342d343866382d313165662d62, 'AC6339', 'ความรู้เกี่ยวกับเช็ค การรับฝากเช็คในระบบ CBS และการเรียกเก็บผ่านระบบ ICAS', 2, 1, '2024-07-26 18:55:25', '2024-07-23 20:39:32'),
(332, 0x66653430323565642d343866382d313165662d62, 'SC6530', 'การปฏิบัติงานในระบบ CBS ด้านเงินฝาก (Deposit)', 2, 1, '2024-07-26 18:55:25', '2024-07-23 20:39:32'),
(333, 0x66653430353739642d343866382d313165662d62, 'SC6531', 'ความรู้เบื้องต้นระบบงาน CBS สินเชื่อ', 2, 1, '2024-07-26 18:55:25', '2024-07-23 20:39:32'),
(334, 0x66653430386264652d343866382d313165662d62, 'SM6322', 'ระบบงานสนับสนุนกระบวนการสินเชื่อ', 2, 1, '2024-07-26 18:55:25', '2024-07-23 20:39:32'),
(335, 0x66653430633332632d343866382d313165662d62, 'MK6332', 'ธุรกิจโอนเงินตราต่างประเทศ', 2, 1, '2024-07-26 18:55:25', '2024-07-23 20:39:32'),
(336, 0x66653430666634322d343866382d313165662d62, 'MK6333', 'ธุรกิจแลกเปลี่ยนเงินตราต่างประเทศ', 2, 1, '2024-07-26 18:55:25', '2024-07-23 20:39:32'),
(337, 0x66653431336164352d343866382d313165662d62, 'AC5902', 'ขั้นตอนการปฏิบัติงานหน่วยลงทุน', 2, 1, '2024-07-26 18:55:25', '2024-07-23 20:39:32'),
(338, 0x66653431373034632d343866382d313165662d62, 'AC6203', 'คู่มือขั้นตอนการอนุมัติรายการในระบบบันทึกข้อมูลการซื้อขายหน่วยลงทุน', 2, 1, '2024-07-26 18:55:25', '2024-07-23 20:39:32'),
(339, 0x66653431643236662d343866382d313165662d62, 'SM6326', 'บทบาทและหน้าที่ของอัศวินชุมชน', 2, 1, '2024-07-26 18:55:25', '2024-07-23 20:39:32'),
(340, 0x66653432306666382d343866382d313165662d62, 'KMSP6601', 'เทคนิคการส่งเสริมองค์กรการเงินชุมชน  “เบญจะทำ 5 สร้าง สู่สถาบันการเงินชุมชนต้นแบบ”  โดย คุณสุเชษฐ์ คำฟู  ผู้อำนวยการธนาคารออมสิน ภาค 8', 2, 1, '2024-07-26 18:55:25', '2024-07-23 20:39:32'),
(341, 0x66653432346430652d343866382d313165662d62, 'KMSP6602', 'เทคนิคการส่งเสริมองค์กรการเงินชุมชน “4 ใจ ทำงานองค์กรการเงินชุมชนให้สำเร็จ” โดย คุณสุเชษฐ์ คำฟู ผู้อำนวยการธนาคารออมสิน ภาค 8', 2, 1, '2024-07-26 18:55:25', '2024-07-23 20:39:32'),
(342, 0x66653432383835312d343866382d313165662d62, 'TS001', 'แนะนำ “GSB Wisdom ระบบบริหารจัดการความรู้” (What\'s GSB WISDOM?)', 2, 1, '2024-07-26 18:55:25', '2024-07-23 20:39:32'),
(343, 0x66653432633434372d343866382d313165662d62, 'TS002', 'ประวัติความเป็นมา Knowledge Management (What\'s Knowledge Management)', 2, 1, '2024-07-26 18:55:25', '2024-07-23 20:39:32'),
(344, 0x66653432666330612d343866382d313165662d62, 'SC6427', 'การจัดการความรู้อย่างมีประสิทธิภาพ', 2, 1, '2024-07-26 18:55:25', '2024-07-23 20:39:32'),
(345, 0x66653433333264622d343866382d313165662d62, 'KMSC6501', 'KM Forum : หลักการจัดการความรู้ของผู้บริหารต้นแบบด้าน KM โดย คุณปรางมาศ เธียรธนู', 2, 1, '2024-07-26 18:55:25', '2024-07-23 20:39:32'),
(346, 0x66653433633136352d343866382d313165662d62, 'KMSC6502', 'KM Forum : หลักการจัดการความรู้ของผู้บริหารต้นแบบด้าน KM โดย คุณวรณัน ตันสกุล', 2, 1, '2024-07-26 18:55:25', '2024-07-23 20:39:32'),
(347, 0x66653433666134392d343866382d313165662d62, 'KMHR6509', 'KM Forum : หลักการจัดการความรู้ของผู้บริหารต้นแบบด้าน KM โดย คุณสัณฐาน อยู่ศิริ', 2, 1, '2024-07-26 18:55:25', '2024-07-23 20:39:32'),
(348, 0x66653434333238642d343866382d313165662d62, 'HR6347', 'หลักสูตรสมรรถนะประจำตำแหน่งงาน (FUNCTIONAL COMPETENCY) ธนาคารออมสิน เรื่อง Analytical Thinking ความสามารถด้านการคิดวิเคราะห์  (สำหรับพนักงานปฏิบัติการ)', 2, 1, '2024-07-26 18:55:25', '2024-07-23 20:39:32'),
(349, 0x66653434366138312d343866382d313165662d62, 'HR6348', 'หลักสูตรสมรรถนะประจำตำแหน่งงาน (FUNCTIONAL COMPETENCY) ธนาคารออมสิน เรื่อง Analytical Thinking ความสามารถด้านการคิดวิเคราะห์  (สำหรับผู้บริหารระดับต้น-กลาง)', 2, 1, '2024-07-26 18:55:25', '2024-07-23 20:39:32'),
(350, 0x66653434613338302d343866382d313165662d62, 'HR6349', 'หลักสูตรสมรรถนะประจำตำแหน่งงาน (FUNCTIONAL COMPETENCY) ธนาคารออมสิน เรื่อง Analytical Thinking ความสามารถด้านการคิดวิเคราะห์  (สำหรับผู้บริหารระดับสูง)', 2, 1, '2024-07-26 18:55:25', '2024-07-23 20:39:32'),
(351, 0x66653434646163312d343866382d313165662d62, 'CR6545', 'การป้องกันการขัดกันระหว่างประโยชน์ส่วนบุคคลกับประโยชน์ส่วนรวม', 2, 1, '2024-07-26 18:55:25', '2024-07-23 20:39:32'),
(352, 0x66653435336465352d343866382d313165662d62, 'KMHR6605', 'เทคนิคการบริหารทีมงาน “4 ป. ก่อ 3 ดี สร้างทีมที่ปังปุริเย่” โดย คุณอรพิน ทองอ่อน ผู้อำนวยการเขต ธนาคารออมสินเขตพิจิตร', 2, 1, '2024-07-26 18:55:25', '2024-07-23 20:39:32'),
(353, 0x66653435373766312d343866382d313165662d62, 'HR6517', 'Problem Solving', 2, 1, '2024-07-26 18:55:25', '2024-07-23 20:39:32'),
(354, 0x66653435616664612d343866382d313165662d62, 'IT6404', 'การคิดอย่างสร้างสรรค์เพื่อการสร้างธุรกิจใหม่', 2, 1, '2024-07-26 18:55:25', '2024-07-23 20:39:32'),
(355, 0x66653435653134632d343866382d313165662d62, 'IT6502', 'Creative & Social Understanding', 2, 1, '2024-07-26 18:55:25', '2024-07-23 20:39:32'),
(356, 0x66653436313361352d343866382d313165662d62, 'HR6608', 'ตั้งคำถาม กระตุ้นไอเดียใหม่ ไฉไลกว่าเดิม', 2, 1, '2024-07-26 18:55:25', '2024-07-23 20:39:32'),
(357, 0x66653436346264642d343866382d313165662d62, 'CR5908', 'จรรยาบรรณของพนักงานต่อลูกค้าและประชาชน', 2, 1, '2024-07-26 18:55:25', '2024-07-23 20:39:32'),
(358, 0x66653436376434612d343866382d313165662d62, 'HR5902', 'ช่องว่างระหว่างวัย ปิดช่องว่างในที่ทำงาน', 2, 1, '2024-07-26 18:55:25', '2024-07-23 20:39:32'),
(359, 0x66653436623439612d343866382d313165662d62, 'HR6353', 'หลักสูตรสมรรถนะประจำตำแหน่งงาน (FUNCTIONAL COMPETENCY) ธนาคารออมสิน เรื่อง Socialize Skills สื่อสารและสร้างสัมพันธ์ (สำหรับพนักงานปฏิบัติการ)', 2, 1, '2024-07-26 18:55:25', '2024-07-23 20:39:32'),
(360, 0x66653437313666612d343866382d313165662d62, 'HR6354', 'หลักสูตรสมรรถนะประจำตำแหน่งงาน (FUNCTIONAL COMPETENCY) ธนาคารออมสิน เรื่อง Socialize Skills สื่อสารและสร้างสัมพันธ์ (สำหรับผู้บริหารระดับต้น-กลาง)', 2, 1, '2024-07-26 18:55:25', '2024-07-23 20:39:32'),
(361, 0x66653437343866372d343866382d313165662d62, 'HR6355', 'หลักสูตรสมรรถนะประจำตำแหน่งงาน (FUNCTIONAL COMPETENCY) ธนาคารออมสิน เรื่อง Socialize Skills สื่อสารและสร้างสัมพันธ์ (สำหรับผู้บริหารระดับสูง)', 2, 1, '2024-07-26 18:55:25', '2024-07-23 20:39:32'),
(362, 0x66653437383033622d343866382d313165662d62, 'SC6513', 'Disruption in the Future', 2, 1, '2024-07-26 18:55:25', '2024-07-23 20:39:32'),
(363, 0x66653437623061612d343866382d313165662d62, 'HR6532', 'รับมือ ปรับตัว', 2, 1, '2024-07-26 18:55:25', '2024-07-23 20:39:32'),
(364, 0x66653437653835342d343866382d313165662d62, 'HR6533', 'New Normal Next Normal', 2, 1, '2024-07-26 18:55:25', '2024-07-23 20:39:32'),
(365, 0x66653438313935382d343866382d313165662d62, 'HR6340', 'Mission Achiever', 2, 1, '2024-07-26 18:55:25', '2024-07-23 20:39:32'),
(366, 0x66653438353062392d343866382d313165662d62, 'HR6305', 'หลักสูตรสมรรถนะบุคลากรธนาคารออมสิน(Core Competency)ระดับพนักงานปฏิบัติการ', 2, 1, '2024-07-26 18:55:25', '2024-07-23 20:39:32'),
(367, 0x66653438623064332d343866382d313165662d62, 'HR6306', 'หลักสูตรสมรรถนะบุคลากรธนาคารออมสิน (Core Competency) ผู้บริหารระดับต้น-กลาง', 2, 1, '2024-07-26 18:55:25', '2024-07-23 20:39:32'),
(368, 0x66653438653261372d343866382d313165662d62, 'HR6307', 'หลักสูตรสมรรถนะบุคลากรธนาคารออมสิน (Core Competency) ผู้บริหารระดับสูง', 2, 1, '2024-07-26 18:55:25', '2024-07-23 20:39:32'),
(369, 0x66653439313362382d343866382d313165662d62, 'HR6308', 'หลักสูตรสมรรถนะบุคลากรธนาคารออมสิน (Leadership Competency) ระดับพนักงานปฏิบัติการ', 2, 1, '2024-07-26 18:55:25', '2024-07-23 20:39:32'),
(370, 0x66653439343530302d343866382d313165662d62, 'HR6309', 'หลักสูตรสมรรถนะบุคลากรธนาคารออมสิน (Leadership Competency) ผู้บริหารระดับต้น-กลาง', 2, 1, '2024-07-26 18:55:25', '2024-07-23 20:39:32'),
(371, 0x66653439376362322d343866382d313165662d62, 'HR6310', 'หลักสูตรสมรรถนะบุคลากรธนาคารออมสิน(Leadership Competency)ผู้บริหารสูง', 2, 1, '2024-07-26 18:55:25', '2024-07-23 20:39:32'),
(372, 0x66653439623131642d343866382d313165662d62, 'HR6371', 'หลักสูตรสมรรถนะประจำตำแหน่งงาน (FUNCTIONAL COMPETENCY) ธนาคารออมสิน เรื่อง Professionalism ความเป็นมืออาชีพ (สำหรับพนักงานปฏิบัติการ)', 2, 1, '2024-07-26 18:55:25', '2024-07-23 20:39:32'),
(373, 0x66653439653562362d343866382d313165662d62, 'HR6372', 'หลักสูตรสมรรถนะประจำตำแหน่งงาน (FUNCTIONAL COMPETENCY) ธนาคารออมสิน เรื่อง Professionalism ความเป็นมืออาชีพ (สำหรับผู้บริหารระดับต้น-กลาง)', 2, 1, '2024-07-26 18:55:25', '2024-07-23 20:39:32'),
(374, 0x66653461343066332d343866382d313165662d62, 'HR6373', 'หลักสูตรสมรรถนะประจำตำแหน่งงาน (FUNCTIONAL COMPETENCY) ธนาคารออมสิน เรื่อง Professionalism ความเป็นมืออาชีพ (สำหรับผู้บริหารระดับสูง)', 2, 1, '2024-07-26 18:55:25', '2024-07-23 20:39:32'),
(375, 0x66653461373534392d343866382d313165662d62, 'HR6388', 'Growth Hacking Mindset', 2, 1, '2024-07-26 18:55:25', '2024-07-23 20:39:32'),
(376, 0x66653461613337392d343866382d313165662d62, 'HR6423', 'ชุดหลักสูตรพัฒนาศักยภาพเตรียมความพร้อมเป็นผู้บริหารระดับต้น Management Foundation (Core And Leadership Competency Focused)', 2, 1, '2024-07-26 18:55:25', '2024-07-23 20:39:32'),
(377, 0x66653461643461302d343866382d313165662d62, 'HR6424', 'ชุดหลักสูตรพัฒนาศักยภาพเตรียมความพร้อมเป็นผู้บริหารระดับต้น Management Skill Preparation for Supporter (Assistant Vice President)', 2, 1, '2024-07-26 18:55:25', '2024-07-23 20:39:32'),
(378, 0x66653462303365312d343866382d313165662d62, 'HR6425', 'ชุดหลักสูตรพัฒนาศักยภาพเตรียมความพร้อมเป็นผู้บริหารระดับต้น Management Skill Preparation for Branch (Assistant Branch Manager', 2, 1, '2024-07-26 18:55:25', '2024-07-23 20:39:32'),
(379, 0x66653462333262392d343866382d313165662d62, 'HR6524', 'เริ่มต้นที่ตัวคุณ', 2, 1, '2024-07-26 18:55:25', '2024-07-23 20:39:32'),
(380, 0x66653462386234352d343866382d313165662d62, 'HR6525', 'รู้จักตัวเองดีพอหรือยัง', 2, 1, '2024-07-26 18:55:25', '2024-07-23 20:39:32'),
(381, 0x66653462626331632d343866382d313165662d62, 'HR6526', 'สนใจในสิ่งที่ควรสนใจ', 2, 1, '2024-07-26 18:55:25', '2024-07-23 20:39:32'),
(382, 0x66653462663835342d343866382d313165662d62, 'HR6527', 'ไม่จำเป็นต้อง Perfect', 2, 1, '2024-07-26 18:55:25', '2024-07-23 20:39:32'),
(383, 0x66653463333438342d343866382d313165662d62, 'HR6344', 'หลักสูตรสมรรถนะประจำตำแหน่งงาน (FUNCTIONAL COMPETENCY) ธนาคารออมสิน เรื่อง System Thinking การคิดแบบมองรอบด้าน (สำหรับพนักงานปฏิบัติการ)', 2, 1, '2024-07-26 18:55:25', '2024-07-23 20:39:32'),
(384, 0x66653463363564312d343866382d313165662d62, 'HR6345', 'หลักสูตรสมรรถนะประจำตำแหน่งงาน (FUNCTIONAL COMPETENCY) ธนาคารออมสิน เรื่อง System Thinking การคิดแบบมองรอบด้าน (สำหรับผู้บริหารระดับต้น-กลาง)', 2, 1, '2024-07-26 18:55:25', '2024-07-23 20:39:32'),
(385, 0x66653463396132352d343866382d313165662d62, 'HR6346', 'หลักสูตรสมรรถนะประจำตำแหน่งงาน (FUNCTIONAL COMPETENCY) ธนาคารออมสิน เรื่อง System Thinking การคิดแบบมองรอบด้าน (สำหรับผู้บริหารระดับต้น-สูง)', 2, 1, '2024-07-26 18:55:25', '2024-07-23 20:39:32'),
(386, 0x36653536343835382d346366642d313165662d61, 'HR6650', 'Effective Communication for Leaders', 2, 1, NULL, '2024-07-28 23:21:22'),
(387, 0x36653633633766332d346366642d313165662d61, 'HR6652', 'Influential Leadership Communication for Manager', 2, 1, NULL, '2024-07-28 23:21:22'),
(388, 0x36653730643563362d346366642d313165662d61, 'HR6730', 'Effective Communication for Delegation', 2, 1, NULL, '2024-07-28 23:21:22'),
(389, 0x33313763346338392d346662342d313165662d39, 'ST6732', 'Negotiation Skills', 2, 1, NULL, '2024-08-01 10:14:41'),
(390, 0x33313963336234382d346662342d313165662d39, 'HR6643', 'Complex Problem Solving and Decision Making', 2, 1, NULL, '2024-08-01 10:14:41'),
(391, 0x33316232313136312d346662342d313165662d39, 'HR6534', 'คิด เข้าใจ แก้ไข และพัฒนา', 2, 1, NULL, '2024-08-01 10:14:41'),
(392, 0x33316235636236642d346662342d313165662d39, 'HR6605', 'มีปัญหา แก้ไขได้ ไม่ยากอย่างที่คิด', 2, 1, NULL, '2024-08-01 10:14:41'),
(393, 0x33323363373164392d346662342d313165662d39, 'SM5822', 'วิธีปฏิบัติงานสำหรับการให้บริการ GSB Corporate Internet Banking', 2, 1, NULL, '2024-08-01 10:14:42'),
(394, 0x33323931336431352d346662342d313165662d39, 'AC6601', 'การคํานวณดอกเบี้ยเงินฝาก', 2, 1, NULL, '2024-08-01 10:14:43'),
(395, 0x33326132316631652d346662342d313165662d39, 'MK5401', 'ธุรกิจปริวรรต โอนเงิน แลกเปลี่ยนเงินตราต่างประเทศ', 2, 1, NULL, '2024-08-01 10:14:43'),
(396, 0x33326531343931612d346662342d313165662d39, 'SM6210', 'บริการเพื่อการค้าต่างประเทศ', 2, 1, NULL, '2024-08-01 10:14:43');

-- --------------------------------------------------------

--
-- Table structure for table `system`
--

CREATE TABLE `system` (
  `id` int(11) NOT NULL,
  `name` varchar(200) NOT NULL,
  `email` varchar(100) NOT NULL,
  `password_email` varchar(200) NOT NULL,
  `password_default` varchar(50) NOT NULL,
  `updated` datetime DEFAULT NULL
) ENGINE=InnoDB DEFAULT CHARSET=utf8mb4 COLLATE=utf8mb4_general_ci;

--
-- Dumping data for table `system`
--

INSERT INTO `system` (`id`, `name`, `email`, `password_email`, `password_default`, `updated`) VALUES
(1, 'GSB', 'cpl.issue@gmail.com', 'wtubrchtfugusotb', 'testtest', '2024-07-23 19:11:13');

-- --------------------------------------------------------

--
-- Table structure for table `user`
--

CREATE TABLE `user` (
  `id` int(11) NOT NULL,
  `login` int(11) NOT NULL,
  `firstname` varchar(100) NOT NULL,
  `lastname` varchar(100) NOT NULL,
  `contact` varchar(100) NOT NULL
) ENGINE=InnoDB DEFAULT CHARSET=utf8mb4 COLLATE=utf8mb4_general_ci;

--
-- Dumping data for table `user`
--

INSERT INTO `user` (`id`, `login`, `firstname`, `lastname`, `contact`) VALUES
(1, 1, 'admin', 'system', '1669');

-- --------------------------------------------------------

--
-- Table structure for table `zone`
--

CREATE TABLE `zone` (
  `id` int(11) NOT NULL,
  `uuid` binary(20) NOT NULL,
  `name` varchar(100) NOT NULL,
  `status` int(1) NOT NULL DEFAULT 1,
  `updated` datetime DEFAULT NULL,
  `created` datetime NOT NULL DEFAULT current_timestamp()
) ENGINE=InnoDB DEFAULT CHARSET=utf8mb4 COLLATE=utf8mb4_general_ci;

--
-- Dumping data for table `zone`
--

INSERT INTO `zone` (`id`, `uuid`, `name`, `status`, `updated`, `created`) VALUES
(1, 0x35616333356633322d346265662d313165662d38, 'ส่วนตรวจสอบภายในสายสาขา 1', 1, NULL, '2024-07-27 15:08:06'),
(2, 0x35616361353336652d346265662d313165662d38, 'ส่วนตรวจสอบภายในสายสาขา 2', 1, NULL, '2024-07-27 15:08:06'),
(3, 0x35616431353235612d346265662d313165662d38, 'ส่วนตรวจสอบภายในสายสาขา 3', 1, NULL, '2024-07-27 15:08:06'),
(4, 0x35616439336234662d346265662d313165662d38, 'ส่วนตรวจสอบภายในสายสาขา 4', 1, NULL, '2024-07-27 15:08:06'),
(5, 0x35616530626661652d346265662d313165662d38, 'ส่วนตรวจสอบภายในสายสาขา 5', 1, NULL, '2024-07-27 15:08:06'),
(6, 0x35616538336136612d346265662d313165662d38, 'ส่วนตรวจสอบภายในสายสาขา 6', 1, NULL, '2024-07-27 15:08:06'),
(7, 0x33313266386439362d346662342d313165662d39, 'ส่วนบริหารผลิตภัณฑ์เงินฝากและบริการ', 1, NULL, '2024-08-01 10:14:40');

--
-- Indexes for dumped tables
--

--
-- Indexes for table `branch`
--
ALTER TABLE `branch`
  ADD PRIMARY KEY (`id`),
  ADD UNIQUE KEY `uuid` (`uuid`);

--
-- Indexes for table `department`
--
ALTER TABLE `department`
  ADD PRIMARY KEY (`id`),
  ADD UNIQUE KEY `uuid` (`uuid`);

--
-- Indexes for table `directory_primary`
--
ALTER TABLE `directory_primary`
  ADD PRIMARY KEY (`id`);

--
-- Indexes for table `directory_request`
--
ALTER TABLE `directory_request`
  ADD PRIMARY KEY (`id`),
  ADD UNIQUE KEY `uuid` (`uuid`);

--
-- Indexes for table `directory_subject`
--
ALTER TABLE `directory_subject`
  ADD PRIMARY KEY (`id`);

--
-- Indexes for table `field`
--
ALTER TABLE `field`
  ADD PRIMARY KEY (`id`),
  ADD UNIQUE KEY `uuid` (`uuid`);

--
-- Indexes for table `group`
--
ALTER TABLE `group`
  ADD PRIMARY KEY (`id`),
  ADD UNIQUE KEY `uuid` (`uuid`);

--
-- Indexes for table `login`
--
ALTER TABLE `login`
  ADD PRIMARY KEY (`id`),
  ADD UNIQUE KEY `uuid` (`uuid`);

--
-- Indexes for table `position`
--
ALTER TABLE `position`
  ADD PRIMARY KEY (`id`),
  ADD UNIQUE KEY `uuid` (`uuid`);

--
-- Indexes for table `subject`
--
ALTER TABLE `subject`
  ADD PRIMARY KEY (`id`),
  ADD UNIQUE KEY `uuid` (`uuid`);

--
-- Indexes for table `system`
--
ALTER TABLE `system`
  ADD PRIMARY KEY (`id`);

--
-- Indexes for table `user`
--
ALTER TABLE `user`
  ADD PRIMARY KEY (`id`);

--
-- Indexes for table `zone`
--
ALTER TABLE `zone`
  ADD PRIMARY KEY (`id`),
  ADD UNIQUE KEY `uuid` (`uuid`);

--
-- AUTO_INCREMENT for dumped tables
--

--
-- AUTO_INCREMENT for table `branch`
--
ALTER TABLE `branch`
  MODIFY `id` int(11) NOT NULL AUTO_INCREMENT, AUTO_INCREMENT=27;

--
-- AUTO_INCREMENT for table `department`
--
ALTER TABLE `department`
  MODIFY `id` int(11) NOT NULL AUTO_INCREMENT, AUTO_INCREMENT=7;

--
-- AUTO_INCREMENT for table `directory_primary`
--
ALTER TABLE `directory_primary`
  MODIFY `id` int(11) NOT NULL AUTO_INCREMENT, AUTO_INCREMENT=28;

--
-- AUTO_INCREMENT for table `directory_request`
--
ALTER TABLE `directory_request`
  MODIFY `id` int(11) NOT NULL AUTO_INCREMENT, AUTO_INCREMENT=12;

--
-- AUTO_INCREMENT for table `directory_subject`
--
ALTER TABLE `directory_subject`
  MODIFY `id` int(11) NOT NULL AUTO_INCREMENT, AUTO_INCREMENT=420;

--
-- AUTO_INCREMENT for table `field`
--
ALTER TABLE `field`
  MODIFY `id` int(11) NOT NULL AUTO_INCREMENT, AUTO_INCREMENT=3;

--
-- AUTO_INCREMENT for table `group`
--
ALTER TABLE `group`
  MODIFY `id` int(11) NOT NULL AUTO_INCREMENT, AUTO_INCREMENT=3;

--
-- AUTO_INCREMENT for table `login`
--
ALTER TABLE `login`
  MODIFY `id` int(11) NOT NULL AUTO_INCREMENT, AUTO_INCREMENT=2;

--
-- AUTO_INCREMENT for table `position`
--
ALTER TABLE `position`
  MODIFY `id` int(11) NOT NULL AUTO_INCREMENT, AUTO_INCREMENT=35;

--
-- AUTO_INCREMENT for table `subject`
--
ALTER TABLE `subject`
  MODIFY `id` int(11) NOT NULL AUTO_INCREMENT, AUTO_INCREMENT=397;

--
-- AUTO_INCREMENT for table `system`
--
ALTER TABLE `system`
  MODIFY `id` int(11) NOT NULL AUTO_INCREMENT, AUTO_INCREMENT=2;

--
-- AUTO_INCREMENT for table `user`
--
ALTER TABLE `user`
  MODIFY `id` int(11) NOT NULL AUTO_INCREMENT, AUTO_INCREMENT=2;

--
-- AUTO_INCREMENT for table `zone`
--
ALTER TABLE `zone`
  MODIFY `id` int(11) NOT NULL AUTO_INCREMENT, AUTO_INCREMENT=8;
COMMIT;

/*!40101 SET CHARACTER_SET_CLIENT=@OLD_CHARACTER_SET_CLIENT */;
/*!40101 SET CHARACTER_SET_RESULTS=@OLD_CHARACTER_SET_RESULTS */;
/*!40101 SET COLLATION_CONNECTION=@OLD_COLLATION_CONNECTION */;
